day_of_birth,ethnicity_concept_id,gender_concept_id,gender_source_concept_id,gender_source_value,month_of_birth,person_id,person_source_value,race_concept_id,year_of_birth
15,0,8507,0,male,12,1758012124,bfce0f36-3f7e-4046-91ca-123fc5ab607e,0,2021
6,0,8507,0,male,4,1044112592,0aa43fa7-914b-4c20-a090-8ae3c94e9b44,0,2016
24,0,8532,0,female,11,1871647635,56edde9d-69c8-4104-9636-71c01dd7caa5,0,2024
15,0,8507,0,male,11,449251013,a6aa2128-fbae-45f0-957e-0f9136657e08,0,2013
1,0,8532,0,female,7,822395680,fa4e12be-a645-4277-8241-cd7e1d7423a6,0,2014
31,0,8507,0,male,1,632674953,71f12ffa-113b-4ad1-9fbe-0340986948e2,0,2014
20,0,8507,0,male,9,1848412378,8d960bca-0a7c-43d4-b3f4-ebff9dabf615,0,2017
7,0,8532,0,female,12,1533016719,d41ce776-d1de-4661-9707-d64adf0ee140,0,2002
27,0,8507,0,male,5,1578659118,41a52d6b-c557-49d3-8788-ffbf125fb74e,0,2015
11,0,8507,0,male,1,2012511837,a0cc87ec-2cca-4495-a842-d934f6097c75,0,2024
23,0,8532,0,female,3,214795206,f4a35ca7-5356-498f-819b-e1c906de9f07,0,2021
24,0,8532,0,female,10,1995627410,6014e8c3-566e-4608-bdcc-03315b385e81,0,2011
16,0,8532,0,female,12,144003355,c9a0c84f-122b-4493-b34d-064bed255680,0,2011
16,0,8507,0,male,10,1553671644,b75b423e-b2c3-4bd9-a5d3-eb45d6007bc8,0,2012
5,0,8507,0,male,2,885764341,97d23948-0e7a-43c2-99dd-08609e991a1f,0,2014
18,0,8532,0,female,8,1611758339,e3c10300-fe71-41f7-aa42-54164dc02d1e,0,2008
17,0,8532,0,female,5,1859578682,52f31ff4-0885-4789-a35c-5cc22fa8664b,0,2006
3,0,8507,0,male,10,1670440460,82d558d9-2c74-4188-a185-574f8fdd8b4f,0,2017
22,0,8507,0,male,1,746379759,0d7e2e61-3186-43f6-8345-45e9434a0606,0,2005
22,0,8507,0,male,9,2103272414,d003e647-eba9-4a9c-8985-dc1b81903f75,0,2015
5,0,8532,0,female,7,653038715,f6847e22-86c4-46ce-aea3-be07ff6d0856,0,2015
12,0,8532,0,female,9,1574104689,bc8a4c21-1103-462d-b1c7-8a881cf5345c,0,2008
17,0,8507,0,male,1,834923138,4015f37f-98af-4d6d-8477-b1800486e4e9,0,2011
6,0,8532,0,female,10,1822920869,ad396b8d-0712-40bf-890d-a9ad557fcaed,0,2014
23,0,8507,0,male,5,414417255,6b482461-97b3-4d38-953a-51babc04c3b5,0,2013
8,0,8507,0,male,12,1152293646,ac1aab57-0d40-4534-b790-4e81f60ac725,0,2008
28,0,8532,0,female,2,1260256016,518bc0f2-8a47-4c07-a089-a72abe8fe568,0,2021
21,0,8507,0,male,10,985452435,087f5bc9-49ca-4086-b491-6430213e7728,0,2018
27,0,8532,0,female,8,1160720288,0810c9b8-359d-4ab3-b51e-61d3a7f1f151,0,2007
21,0,8507,0,male,2,1696949451,6bf24794-e900-4d3d-ad2c-343bdaf75da2,0,2011
28,0,8507,0,male,5,1884538799,4956baf8-eec8-4a73-9ff5-0303db653e59,0,2016
29,0,8507,0,male,6,1931101074,3659477b-4e16-4c5e-a057-abe6aecf8f3c,0,2017
4,0,8507,0,male,7,602352303,8b6f3124-91e5-4805-91c6-28bcb7db9bae,0,2019
10,0,8507,0,male,3,213357587,6b587949-baf7-4e53-9f8b-9639a8440dc3,0,2025
16,0,8507,0,male,10,55304447,58dcf170-4b59-40a9-9e49-19a23d988170,0,2013
9,0,8507,0,male,10,725423766,2c2bcfda-d03f-41e1-9852-539d32c340c6,0,2008
14,0,8532,0,female,6,196954339,a33573d8-f66d-4335-8adb-20957b72d2f8,0,2011
10,0,8532,0,female,8,1236880296,9cfde566-7eac-472a-bed6-c95b60a02c64,0,2005
23,0,8532,0,female,2,2006388782,21c10e03-750a-4016-89c9-86989247bf5e,0,2004
18,0,8532,0,female,11,1848079307,7e2993fc-dabd-45ee-9ff1-41f101a0fd70,0,2017
11,0,8532,0,female,3,374972812,cce3bee8-0b5d-4e69-aabd-9ab2f978b76e,0,2009
2,0,8532,0,female,8,2086188993,3081bb1c-3134-4654-a14e-ee7e038c7b8d,0,2011
14,0,8507,0,male,8,213793213,a2df8ce7-c112-440c-8ac8-ad08bd65f34d,0,2012
19,0,8507,0,male,4,872182003,19909a4b-b6fd-42dc-8232-e46411746615,0,2010
19,0,8507,0,male,12,1771536718,6231a4b7-15b0-42ff-b762-da7b8ec4eab7,0,2017
11,0,8507,0,male,5,676728752,8f830d33-cabf-435b-9631-3def2fd17448,0,2021
15,0,8507,0,male,2,181613996,6f70ca58-47d0-4313-aeb2-42e0e67c8a19,0,2020
27,0,8532,0,female,11,870725564,270c9478-fcea-4ef3-ac87-ff44d46d90f6,0,2019
25,0,8532,0,female,3,2066803102,e12bc907-5de7-4f57-a32e-0822decaa856,0,2003
9,0,8507,0,male,6,26064245,4980b10c-6ea0-4797-ae0e-f45e33030866,0,2013
15,0,8507,0,male,6,1695627017,c25b3cd2-d758-4caa-9668-e37dedb87c5c,0,2016
30,0,8507,0,male,7,413990718,f6c210fc-a1e7-4f93-8027-27825816586c,0,2021
5,0,8507,0,male,8,506742438,8e2d6257-3ab1-448b-9923-479c93fb47f7,0,2011
24,0,8507,0,male,3,381061873,f579578b-55aa-4b13-9eb1-cb0fcfc34d0e,0,2017
3,0,8507,0,male,9,916549405,e4f521cc-124f-43f4-9e13-2557360944d3,0,2019
15,0,8532,0,female,6,493010270,8c6a4e32-f686-4745-90a6-53baa4808ad8,0,2006
17,0,8507,0,male,12,1459143221,cbf1103d-3aab-44fd-a870-61f60b9beb23,0,2010
16,0,8507,0,male,6,1883735341,1caacf80-1c5b-4bd1-a63f-7b345a809dc6,0,2010
31,0,8507,0,male,7,2138200452,e686b9e4-aa4c-46ad-aee3-642dbce332d7,0,2021
21,0,8507,0,male,10,1699402298,81fbe33a-d95a-47b4-811a-275f35f99640,0,2004
29,0,8532,0,female,9,1162463717,d37b1ecc-69e3-46ce-ae10-a6284e822b54,0,2016
23,0,8507,0,male,6,197158203,fc9cf6f0-a0cb-4abd-8d9c-b6bef698da3c,0,2017
2,0,8507,0,male,4,243393496,6a624dfb-122a-42e8-8bf1-e97a348300fc,0,2004
24,0,8532,0,female,2,988577198,98770d55-d4a2-4cf6-a55b-16574b295a29,0,2015
14,0,8507,0,male,9,429888912,5e339695-a823-479b-affe-0d274a041440,0,2017
12,0,8532,0,female,1,957486040,4d01d8ed-a2de-40ec-a84e-1d64e4ec0bb2,0,2021
21,0,8507,0,male,8,1569169895,92f59bd4-ef5a-4005-9522-572920d89bcf,0,2009
29,0,8532,0,female,7,1694157334,9062f249-9618-4624-a5f6-bba785141277,0,2007
23,0,8507,0,male,6,1150578828,8e20e2b0-c65f-4fd9-856c-ea765f334d3f,0,2005
27,0,8532,0,female,2,1893399907,dea30e7c-8ba7-4617-97d6-8968318299c6,0,2005
11,0,8507,0,male,1,432098767,d453a110-b068-4f1d-b0cb-0f59eda235a9,0,2009
30,0,8507,0,male,9,1128661081,73651ddb-7741-457e-ac8c-260c63fc1ec5,0,2011
1,0,8507,0,male,9,967066983,76afaaed-bfdb-4a2f-b1ea-1001e328bf81,0,2017
7,0,8507,0,male,4,875302532,afdbab5c-68a4-4e62-8031-2016d74bddaa,0,2006
23,0,8507,0,male,12,1094597703,c8072a3c-78b8-4382-a30d-0cce82b6689b,0,2014
23,0,8532,0,female,12,652793865,ad3f477c-3a62-4738-b75f-9f03c78e59ac,0,2016
17,0,8507,0,male,3,140085017,09b7fdec-7e07-4d66-9383-1632d9b98813,0,2004
3,0,8507,0,male,7,1343249359,1e833276-ed28-4670-a858-b24a463ff884,0,2016
11,0,8507,0,male,3,1925639875,a118dd45-b124-4e7c-a03b-cf0af4f773c8,0,2010
11,0,8507,0,male,2,1020979527,5b75f136-8711-4b2d-8e15-b0464b6f0548,0,2015
31,0,8532,0,female,3,1912383643,527fb671-db4d-4777-9e89-2f8a44180a6b,0,2006
23,0,8532,0,female,10,1477119573,425c1eed-e9de-40bc-a40d-214af6341385,0,2016
6,0,8507,0,male,5,2120469976,6fdf57a3-bc0d-4f01-9dc2-56f71ae13c93,0,2020
20,0,8532,0,female,6,831557749,1c931ca1-c65d-4008-ae26-a4deb5a0b227,0,2023
16,0,8507,0,male,11,1069234827,848c7b06-81ad-44b7-adf0-444697001cce,0,2012
3,0,8532,0,female,5,123048978,e4a2911a-f767-4955-8f55-1dc0bb2bfc0e,0,2014
18,0,8507,0,male,4,197265778,24c58c72-d6e8-4b80-a183-cb17ecb15c77,0,2008
27,0,8532,0,female,6,339574833,53a21e95-db11-4fb8-b209-bc1679d78bf0,0,2017
31,0,8507,0,male,7,1763634397,6911cf3f-a065-45ee-8005-438c09e518ad,0,2000
19,0,8532,0,female,6,986030389,f715be21-dd93-4798-b835-ca10250e8835,0,2016
12,0,8507,0,male,12,201415773,967b1bf6-cfb5-4d44-a748-afa7d8695346,0,2003
26,0,8532,0,female,4,1343810191,054dcf09-38da-478d-98bf-d9a6af9b1efb,0,2020
22,0,8507,0,male,10,24571880,92a78c34-9383-46ed-9286-e4abb389634c,0,2006
24,0,8507,0,male,11,1376962695,6415cccb-4c45-49a0-9922-c494a2923a7f,0,2020
31,0,8507,0,male,7,1330204356,4ebbd737-5395-4a97-bf28-139247777cf9,0,2012
14,0,8507,0,male,8,2036168187,c27511af-13a0-4d50-9016-019fd2407885,0,2014
19,0,8532,0,female,3,968439802,eae70959-588f-435b-bd13-afbd95810c3d,0,2017
1,0,8532,0,female,12,1654401905,2ff3df38-3737-4e91-ae37-8f1499ad7ec1,0,2018
6,0,8532,0,female,6,1989621173,7f1b2d6a-eaa6-46eb-afa3-a76c159155e1,0,2019
7,0,8532,0,female,2,1549217303,c82fa93d-7244-401b-b1b3-fd4221aa31f4,0,2017
29,0,8532,0,female,12,1365675405,ba7ca17d-8da3-47a0-96ad-010fefaed3a0,0,2010
22,0,8532,0,female,9,1586668828,45c3bd33-f804-4f4a-a1c6-b3c141a27899,0,2006
23,0,8507,0,male,11,228862229,c97aeea5-d286-421d-9cfe-2ca7d36ee745,0,2012
25,0,8532,0,female,5,1018122526,55861a4b-8616-4bbe-9442-358338406887,0,2014
28,0,8532,0,female,4,1009171066,540967b3-a5e6-475a-ba6d-991cb48d7d37,0,2011
4,0,8532,0,female,5,824213868,8952dce6-dfec-49ff-9ff8-88dc67248c7f,0,2021
22,0,8507,0,male,3,2043174309,74d20457-81a1-421b-9be3-73b1e50599e9,0,2012
22,0,8532,0,female,11,119088543,198f4060-8093-44b8-abe0-2016b5599643,0,2020
18,0,8507,0,male,9,1391467005,d5d5b073-dd69-4429-ae85-32870b562c5e,0,2016
3,0,8532,0,female,7,1023584702,bedb42b5-eec8-4f80-bb65-97b3e4cd3751,0,2022
18,0,8507,0,male,6,1330033235,808bc916-0d28-4b4a-a97e-ed476d71d8da,0,2001
28,0,8532,0,female,3,864732028,54526f1c-abd3-409a-b92a-f7a4364bf65d,0,2012
22,0,8532,0,female,12,1470532566,e1685555-c613-41a8-8f3a-b4101c28e7d9,0,2010
19,0,8507,0,male,10,1609864139,8f1ad437-78c6-47ba-b91d-eb0cbe6ad6e5,0,2011
2,0,8532,0,female,8,660023153,a80fe639-0184-476f-b99f-1cfeefd4e9c8,0,2015
6,0,8532,0,female,9,1444306867,4cb56472-85c1-45e0-a220-9c60f46d9891,0,2016
3,0,8507,0,male,4,663267136,e3c1c33e-891f-475f-a7b9-576427d46ce5,0,2014
18,0,8507,0,male,8,908042208,4e26040f-4abe-4a79-98d5-549cf82f10e9,0,2013
28,0,8532,0,female,6,1811820670,3bee06e3-09db-45a7-bf56-487bd89ed7aa,0,2020
22,0,8507,0,male,5,604997688,69eeed63-1ac9-473c-bd9a-b000eb6990ea,0,2014
2,0,8532,0,female,3,2043849564,0ecc8539-69a4-4bbd-82a5-8fb1eae4ad5b,0,2020
3,0,8532,0,female,7,1740904883,e527b726-6334-409b-8753-afa81bfa7d95,0,2009
30,0,8507,0,male,6,1340716718,24738493-d0fe-4d56-bc1f-f3c2e85ab1a1,0,2014
5,0,8532,0,female,6,430651594,b6206c18-ab11-4ccf-93e6-658d893ea27f,0,2006
17,0,8507,0,male,1,929281854,9e4f2c05-d4ba-48b9-8d55-d11ac5d1f2b3,0,2011
18,0,8532,0,female,12,1194209949,086ef2b8-aeba-498a-8652-2a8fe1ddf3e1,0,2002
26,0,8507,0,male,4,440024279,cef317b9-e9f9-46a8-bb6a-630d460e1b34,0,2008
30,0,8507,0,male,5,24298477,a738a0ff-3cd2-4974-94a1-109e36d84748,0,2018
2,0,8507,0,male,7,474606186,31c4a9da-fb7f-445d-b87c-698d96313642,0,2021
10,0,8532,0,female,10,2063304758,af9ed69c-932b-4708-bcc4-8494181c27c6,0,2014
13,0,8532,0,female,6,975820516,1ec2248e-8f9d-4b2e-98bf-980265d3b747,0,2005
26,0,8507,0,male,6,214344769,48cd715f-f942-44d1-b70c-89f7cf15f057,0,2011
28,0,8507,0,male,5,599440898,5f85641e-8341-43c3-b6f8-a4e7506a7819,0,2010
24,0,8532,0,female,11,941624565,987c91e9-31f8-430a-ad06-9a38e738d90f,0,2020
4,0,8532,0,female,9,1235457045,74781f83-01f8-4ffb-a320-d80d0818fb31,0,2007
1,0,8532,0,female,1,1741714422,022382d2-67b6-40ed-a51f-dc17b58a802d,0,2008
2,0,8507,0,male,10,1802613098,cba0dd8f-651c-4ac2-a3a7-db7d0ad945eb,0,2009
31,0,8507,0,male,3,2006613637,edb4ca6a-6fd0-4075-9c1d-882ec94dc9df,0,2008
24,0,8507,0,male,5,458107044,cf5dc52c-a8f7-441a-9e62-1b8f7d152853,0,2007
29,0,8532,0,female,9,2123045664,eb48983e-e705-457b-aed6-f53dc79c6931,0,2008
13,0,8507,0,male,6,549791064,4ee58ced-a61a-4dcf-8f6d-59462aee3e99,0,2022
20,0,8507,0,male,9,1380959761,7b2ea244-19cf-431c-80a6-f5f6aafe656a,0,2022
7,0,8507,0,male,4,2110213467,eac9e451-dea7-4b5b-ab9f-a0222219c52c,0,2011
13,0,8507,0,male,3,278303209,0192030b-c9c3-4869-be70-417b26d59b42,0,2006
21,0,8507,0,male,5,1933801743,6b91d727-e0e6-442c-aa85-8dd835a548b2,0,2009
26,0,8532,0,female,2,374101531,8293cbe4-7e4b-4818-89cf-70487233384a,0,2004
21,0,8507,0,male,7,1361472845,6e0dfda1-dd00-414b-a061-a1b2a3b06a8e,0,2009
2,0,8532,0,female,9,1024262318,9a7d9664-f513-43de-8db7-b84d3ef7500a,0,2016
11,0,8507,0,male,12,1949296537,e8fa7d03-a59c-4f6e-9c1a-fabd806b317d,0,2008
9,0,8507,0,male,8,1796874659,2c789bf1-f847-48d9-8a66-b6c21cd6ddb6,0,2009
3,0,8507,0,male,6,155369210,33a2a003-dc59-42b4-88a1-7133882ed8ea,0,2002
21,0,8507,0,male,10,1749082428,f2f02c67-51fe-43d2-ad1c-241108592c38,0,2002
20,0,8532,0,female,9,1531557031,edb390c5-719c-469f-9993-cf7cb38342db,0,2014
10,0,8532,0,female,2,254930715,f0758b43-3dd7-4eb6-82ea-3155f4426c8e,0,2019
16,0,8532,0,female,9,369550943,80ce51a3-0ac9-46bf-8574-41d9c04aa520,0,2008
3,0,8532,0,female,6,1003941046,cdaef503-fbfc-42f4-b4a8-6d88f64d4e79,0,2014
14,0,8532,0,female,4,2141452509,3895f4ee-1748-45cf-8dbd-f6697f0249e9,0,2008
27,0,8507,0,male,12,530817886,6d67b7ea-5f83-48a2-85a4-fc3bd1ba17ca,0,2014
21,0,8507,0,male,1,2113669647,6e72e828-4d4e-491f-9c13-f04f96cb2c42,0,2007
1,0,8532,0,female,4,2074017741,7acb155a-62cc-4352-b0a9-d083f7d3a069,0,2020
16,0,8532,0,female,5,412450889,fc7ba9e6-c67f-4640-8ab0-78af777eeac0,0,2009
25,0,8532,0,female,5,834086308,cd74c2e9-fbb8-46a9-a64a-482fe35102a2,0,2005
4,0,8532,0,female,6,1987367169,8326976a-f93c-45f1-9f15-07de1285060d,0,2013
27,0,8507,0,male,5,2024560910,8c5a7a25-a036-4000-8233-ad76fbe617ca,0,2020
16,0,8532,0,female,9,1326081692,776632de-4c1f-4258-9539-1a5f581a7c9f,0,2020
7,0,8507,0,male,12,510091878,052325a0-be37-4b81-a606-ee8d40474646,0,2004
13,0,8507,0,male,6,1342411095,695a9a5c-3668-49bb-a076-6bd4f071ae0e,0,2011
8,0,8507,0,male,3,1848249211,03595b6a-4676-458c-b74a-5ff988f764a3,0,2008
4,0,8532,0,female,3,966746980,1fd978ff-5024-4da9-bb59-8f08d8f52a3a,0,2010
21,0,8507,0,male,3,649759204,adcb0db3-ad86-4274-bfd5-df3214dce644,0,2021
16,0,8507,0,male,2,1361778010,16d159b5-875b-4a6c-880e-8f24aa410481,0,2022
1,0,8532,0,female,11,3565791,9cc8ff91-0101-41ef-b3f0-634df57bc6e2,0,2016
10,0,8532,0,female,8,229092381,c26d7d54-53b7-48d4-abb3-13d4f0ed5e0a,0,2021
8,0,8507,0,male,3,848264862,c7b06fa3-71f1-436e-95ab-5e91356d567c,0,2010
27,0,8507,0,male,3,820513668,0f8e4adf-905d-4a9d-ace3-155d479e238c,0,2008
7,0,8507,0,male,4,899951718,29f45ba3-e39f-4831-af83-7bc2390d08f2,0,2016
17,0,8507,0,male,4,2335531,9170fec5-d0d7-499a-b50f-80c76336da34,0,2008
23,0,8507,0,male,1,2085117209,78dbf1e7-69a1-40c9-b5dd-9ec2981543de,0,2012
18,0,8507,0,male,7,257025359,d91ad253-f01f-4e57-9bf9-9a2c40be5fd3,0,2009
14,0,8507,0,male,8,1059476869,315a1977-e5a2-4b77-848b-475b912ce9fd,0,2008
16,0,8507,0,male,3,909602342,2cbb6114-d375-4d91-bb42-c26aa04af9a8,0,2019
21,0,8507,0,male,6,2014085516,04f41a38-e136-4d29-90fc-38c812bad54b,0,2014
6,0,8507,0,male,11,424452687,10b41623-b32b-47e5-b0d6-4160b3748796,0,2012
11,0,8532,0,female,7,1701684630,d342b08b-0daf-4f1f-90b4-bdc0582a6c95,0,2008
16,0,8507,0,male,8,959734139,cb8d7d42-6a25-40a3-a2ca-ec5630b17fb9,0,2012
16,0,8532,0,female,4,187773442,0f5e5ece-ccd0-4a81-b086-76d3fa72ab97,0,2019
25,0,8532,0,female,4,1229967651,285d5075-15aa-4821-b5e8-39614c43abe4,0,2015
20,0,8532,0,female,11,1839459731,f15b2d47-f4cf-49d3-b34e-0f33fc643079,0,2010
1,0,8532,0,female,12,71733075,b31ceb76-f012-40e6-9bf8-fb2315aa0a7a,0,2014
4,0,8532,0,female,6,2065818618,ade830b6-e4ad-42c2-97a6-80fef7622607,0,2005
23,0,8532,0,female,4,1062302729,ce5cfbbf-a40b-4a90-b13a-033bdba98a21,0,2024
14,0,8532,0,female,5,181841692,a9529239-2f83-4bf3-a3f0-69d99cfaa03b,0,2020
29,0,8532,0,female,6,1715487677,b90133fb-d2fd-4133-b876-7fe27c558a1b,0,2009
23,0,8507,0,male,3,813541115,bd2ee3f2-c027-4e90-82e3-49d7d5807ac0,0,2007
7,0,8532,0,female,8,2033683811,7013eeb5-136d-4fcc-8c2f-8a57e86c7acd,0,2014
14,0,8532,0,female,8,1704184177,8d43d0bd-0790-4952-8293-5c1a4a3a9da2,0,2006
15,0,8507,0,male,7,2011043586,333ba44e-0d79-43b8-a53e-2738cea9ad24,0,2010
6,0,8507,0,male,4,512649598,87243b30-9d9f-4da1-a082-8c162c79eea9,0,2023
10,0,8507,0,male,4,1769679519,3af1a76a-ad32-4848-bd2e-55037a40dacc,0,2019
28,0,8507,0,male,8,568271452,55c64599-865e-4793-ae3a-c96aca335c91,0,2011
26,0,8532,0,female,4,2067930995,375de7a9-2dea-4a23-b458-548edcd2f6d7,0,2003
8,0,8532,0,female,2,1988195968,5d188208-4547-43b1-a4d7-e60ab70c302c,0,2022
22,0,8532,0,female,5,2117689300,ec5f1fa6-2bbe-450e-abdd-db4e66679ce7,0,2019
14,0,8507,0,male,5,2015039491,2cef5603-c6e9-44f4-80d2-8fb5e2a12480,0,2019
3,0,8507,0,male,10,776927929,af3422e1-8bd2-4759-9e8e-51f3023cd711,0,2015
7,0,8532,0,female,1,270624972,438ca92a-0312-48a8-a666-08eed36de652,0,2012
9,0,8507,0,male,6,1153042908,c83e025f-d7f5-4214-8e27-7f3494c7af67,0,2016
13,0,8507,0,male,2,1026813137,50083da6-12aa-4e84-aba6-43c8ea0f8656,0,2003
17,0,8507,0,male,12,97259127,374f2b09-e8b2-4b0a-b83e-1b8e0eb55479,0,2022
9,0,8532,0,female,7,661372947,b1a0a762-76d9-4389-a948-9c0f7bcf60ee,0,2021
14,0,8532,0,female,3,140320604,4c293010-f74b-4ded-88a1-5d52831edebd,0,2012
27,0,8532,0,female,12,1235824968,4ef0193d-4ec3-4271-b3ba-0602441f5567,0,2012
24,0,8507,0,male,5,160733054,ce302a6a-9df2-4280-a94e-693c0cac53c3,0,2022
4,0,8507,0,male,8,672378968,96bc2949-daeb-4b6e-a392-df0b00b0818a,0,2011
25,0,8507,0,male,3,415601849,1ab4d6e7-a15d-452c-980c-3ec1c397a933,0,2012
29,0,8507,0,male,6,338865615,77c00b3f-f0bf-4b35-ba9c-7df11e4b251c,0,2013
26,0,8507,0,male,10,1927840208,1f577661-c6eb-4990-ad89-cbcae6cf3fd5,0,2017
9,0,8507,0,male,11,1938779945,33f3b39f-de6e-4830-9b01-6b524d1592c6,0,2004
1,0,8507,0,male,5,53066277,fb825092-2763-43d7-87f3-40d3f20d28b1,0,2005
14,0,8507,0,male,11,1358859220,c21af61f-f668-44e3-8d12-6fb33550e266,0,2018
13,0,8532,0,female,7,1067261300,b87eaf1b-3418-4e39-a8ac-aa28f08ae056,0,2010
25,0,8532,0,female,3,977941415,18ef4fe3-bd9f-41d5-b813-b85f9c8a4325,0,2020
1,0,8507,0,male,10,867879152,6570ea94-4cd6-4a96-af56-8a70b7ad5474,0,2019
1,0,8532,0,female,1,204683848,48688a7c-d848-49e3-ae88-f007a32aa7c6,0,2020
26,0,8507,0,male,10,1107450723,9454af09-c114-485c-8a46-5286e7d32f2d,0,2015
18,0,8532,0,female,12,676315756,ea2de6e4-468f-44fd-a326-e982557c443b,0,2011
15,0,8507,0,male,2,2124977533,e36c961c-4840-4fcc-a1a3-ecba2e462656,0,2016
11,0,8507,0,male,7,1064087235,9a4eb551-8625-4209-ab3e-9cd0956b73fd,0,2019
24,0,8532,0,female,12,1061618380,49989279-875c-4309-bc6c-468bf0e9e5fc,0,2016
24,0,8532,0,female,6,1740340797,f770eeab-73f4-4b7d-92d9-17e34017d074,0,2011
28,0,8507,0,male,6,2119747776,ecb0de91-ee5c-4ed6-96ff-23eb6b799260,0,2009
11,0,8532,0,female,7,1298575774,98bb9e24-bef2-4448-9508-3803fd503ab3,0,2005
25,0,8532,0,female,2,2117807647,67010fb2-b1b9-477d-aae9-6dac468dfb43,0,2023
8,0,8507,0,male,7,1273686967,427ca0aa-6bf6-4337-9896-210832432201,0,2022
1,0,8532,0,female,6,151588945,d976ec34-c3be-42fd-89db-29e040cebde2,0,2012
20,0,8507,0,male,1,1844969857,a8506b1c-8799-4d2f-ba9f-b01b839b0a38,0,2016
16,0,8507,0,male,1,1126063529,d5c78382-ee23-498b-a226-c47a14b1eba7,0,2023
14,0,8507,0,male,10,762912848,83fe3190-240b-4922-8b1c-639758fd931a,0,2015
30,0,8532,0,female,8,1013065689,01d440b0-b052-47e0-a88b-67ba7f341022,0,2003
26,0,8507,0,male,4,602784212,7e971ce1-4e26-4ca0-9241-6b46fa2cdb6f,0,2005
7,0,8507,0,male,9,1957142196,ba448b8f-675d-4949-9bd8-fd831fd9978c,0,2017
2,0,8532,0,female,2,2097748224,8a5d3667-5c9c-4cb1-b12e-caeb2e9fe49e,0,2016
14,0,8507,0,male,1,1229103575,d43a9e85-7050-4aa9-92ae-bb54db98aad5,0,2007
30,0,8532,0,female,6,638655780,fb30846b-7528-4c5e-8b0f-9d89e8936f84,0,2009
25,0,8507,0,male,8,1019051090,e8956cba-dbae-4868-83aa-004ea8e6b71f,0,2019
20,0,8507,0,male,6,124124795,fb77cb9b-f728-4be5-b9ab-79269ae7ef87,0,2005
21,0,8507,0,male,6,1644045988,6e90b60e-2956-4ec3-a45d-e93ab768488c,0,2015
27,0,8507,0,male,1,1694297574,1eae7642-5bbe-4910-b4c4-167d7a8d38f1,0,2018
24,0,8532,0,female,7,436116048,ce8bd645-5721-4583-ab5a-1052ef740630,0,2012
12,0,8532,0,female,1,380160867,00959864-2e17-4301-b11b-7d5c5fc9b39a,0,2005
27,0,8507,0,male,8,925174901,79f2d765-a554-4dc5-85f0-5a6cf2532c62,0,2012
2,0,8532,0,female,10,2129166812,5383e5ce-82b6-4167-91da-f865ba6bcd6c,0,2005
30,0,8532,0,female,3,924157321,c1096c28-38a4-4772-97fc-c52fdf1100a7,0,2007
17,0,8507,0,male,5,113661876,ebc3ba56-a563-417c-8a44-f47ef7eb87f9,0,2008
16,0,8507,0,male,4,1627374862,aa0e2cd8-e3da-45d8-b535-b940d058235d,0,2004
24,0,8507,0,male,9,831914935,cc4f1eb3-232e-4166-9560-24111a8fb858,0,2016
6,0,8507,0,male,12,948283242,63a34624-5e3c-4c3b-9ec3-f914b581b02a,0,2010
29,0,8532,0,female,7,1594641840,e60d83d7-a633-483e-8490-4dfbc1eaea86,0,2018
19,0,8507,0,male,1,54600448,e47e1c06-edc9-4c56-901b-5c5d317a14dc,0,2015
19,0,8532,0,female,9,576693899,97727b66-e3db-4d14-a683-eee32035a7e8,0,2012
18,0,8507,0,male,10,639148857,eafa7d15-7952-4037-a840-1a7c927e19e2,0,2002
28,0,8507,0,male,1,783826397,0edcad20-e928-46db-bfb7-86845a018b92,0,2017
18,0,8532,0,female,4,1483341464,15279242-298f-4739-9858-9268f9bb9e2d,0,2005
30,0,8507,0,male,8,1806807101,38a8b4fc-efec-443c-b319-a8b679c21f7e,0,2021
10,0,8532,0,female,10,1547405057,bc5b947a-508d-4d2f-b0dd-e66d02c86a17,0,2004
4,0,8532,0,female,9,746663102,014ee2c0-6231-4117-a153-653186546d65,0,2020
16,0,8532,0,female,2,695779816,8aee3218-09a2-40eb-86e8-6a2c8f416d1f,0,2013
28,0,8507,0,male,6,623891162,1ea9bf0f-6c98-4f7f-ba95-06a8cb59fc88,0,2008
15,0,8507,0,male,3,767754500,a9bda606-0264-4c5a-ac18-a1dd0cdbf303,0,2011
22,0,8507,0,male,10,1732180119,988ae504-541b-43af-8e05-973077888e0f,0,2004
13,0,8507,0,male,10,1809267653,773926fb-7a15-4918-83f0-7ba0fa2a095a,0,2001
20,0,8532,0,female,2,1263305526,065203a5-54b0-4e93-a4da-e1606e3836b1,0,2012
7,0,8507,0,male,1,71501300,36748d74-be2b-4960-95a8-02066fd1c8a5,0,2013
28,0,8507,0,male,5,1355481905,c091349d-4b2b-477b-8bd8-4b6c60ddcc97,0,2012
29,0,8532,0,female,1,1815780085,a2876e97-8324-4697-8b6a-22e932ba4329,0,2018
2,0,8507,0,male,10,1421677669,0cf41cbf-4e49-4381-8ee5-19089679af65,0,2012
31,0,8532,0,female,1,429656840,4bdfee3d-b565-4f83-b8be-0358f06628d6,0,2005
5,0,8507,0,male,1,1087367545,b7ce64a9-ef91-4c1b-8a33-53b04dd0e9cb,0,2015
5,0,8507,0,male,4,1340246411,e10ec1db-a4f2-4974-bd39-14acf48988be,0,2013
25,0,8532,0,female,5,761440429,8f86e993-b5f1-4a8b-b748-673b4f63f518,0,2004
25,0,8507,0,male,12,759366150,7047b504-a0ba-4baa-bb60-64038f1dd8c9,0,2007
22,0,8507,0,male,8,1738744515,f0ecefe6-80b6-4460-8578-d2ad9d86e1d6,0,2018
4,0,8532,0,female,4,1544432789,cf2bb810-c776-48ea-aa56-55f8ab17bf5d,0,2018
15,0,8507,0,male,9,539251916,6b7252ba-9708-446b-8c36-c227db0a423b,0,2016
20,0,8507,0,male,3,456262321,bb2f67bc-e454-4567-9333-33d01f1ae656,0,2019
29,0,8532,0,female,1,1492875711,7248c9dc-5538-441c-acf5-7673e04011bd,0,2012
8,0,8532,0,female,9,93371390,afbb7f7f-f226-4168-b640-ae1b95a1e56f,0,2014
29,0,8507,0,male,6,1693411844,d1c4c7e0-5be3-4205-af21-f3113f384437,0,2019
11,0,8507,0,male,6,765961083,3e92f67a-2e01-44f7-a9f1-690ae18e78b1,0,2010
20,0,8507,0,male,5,292407735,d1fb0d45-2535-4d64-856a-be39236843ba,0,2023
17,0,8507,0,male,10,2053892572,1043dd80-f1d3-4889-82f0-04f156d62087,0,2019
18,0,8507,0,male,4,489156122,a1a103ba-249b-404f-a43e-0bd9097e8eb6,0,2005
24,0,8507,0,male,7,705145548,c04ebb39-9664-4475-afd8-6b019a4e3f42,0,2018
10,0,8507,0,male,9,87520553,1b3e4dc9-8ef5-464f-ba3c-02c685032ddd,0,2007
15,0,8532,0,female,10,1100554344,f92bb154-8303-4d14-8f40-5ba40a61db70,0,2019
24,0,8507,0,male,3,1122294098,0eb24399-28ca-4722-9f7c-946b5d86bc70,0,2013
27,0,8507,0,male,9,1425203986,8a046f19-9832-4b83-97dc-a91f19052bd2,0,2010
16,0,8532,0,female,9,1064154164,41f82932-29d6-4666-95b0-4385411dcaea,0,2012
31,0,8532,0,female,3,1087420517,35e1f1dd-5059-4998-a5fc-e40c8c3e6902,0,2014
27,0,8532,0,female,10,1604389630,9ed780f3-c020-4496-a832-378fa385a994,0,2014
28,0,8507,0,male,12,426347332,2104fc8f-de4c-45f9-ab94-07a67086e79c,0,2018
27,0,8532,0,female,3,2101419063,9bb0177a-5209-4101-849b-a97b4ac1f5fc,0,2020
16,0,8507,0,male,5,2073234907,006cad34-4889-48d7-addd-3b938f761383,0,2008
26,0,8507,0,male,6,2003079824,34e5408d-5dae-440c-81f0-7ada4456c406,0,2014
11,0,8507,0,male,11,314904804,c04721f1-5a1f-4445-8048-fb272875b4ca,0,2006
11,0,8532,0,female,2,1139079079,5a1d8ad6-b8d0-41ab-bae9-98f9061aa1dd,0,2018
19,0,8507,0,male,7,284697989,815c8623-9896-4b72-8e98-804a7ea79e6b,0,2009
21,0,8507,0,male,8,1824816691,62e0df45-3b8f-463c-a883-fbe7ae8e3f9b,0,2015
14,0,8507,0,male,3,1155704371,6e2f4c1e-2664-4acf-a0d5-d71d82169ebb,0,2013
23,0,8532,0,female,2,1032915086,e9fbe979-bab5-4736-aad7-5e343e54ea4b,0,2017
14,0,8507,0,male,5,1422332224,1cad0686-1d85-418d-af5b-e8803efba156,0,2022
21,0,8532,0,female,1,1613610634,eba1aff6-81f3-4738-9054-73cd079bb701,0,2006
5,0,8507,0,male,12,398972003,4660efed-5829-46dd-95e8-e8b0a3ddf550,0,2012
11,0,8507,0,male,9,853151488,146c3fcc-9fd5-4b90-b04e-468a6e54c4d3,0,2024
31,0,8507,0,male,10,1619657091,3c074d3a-645d-4d76-8b74-91cff6e3203e,0,2006
15,0,8532,0,female,3,739447152,cd081295-00f7-4fc3-8da2-f46a3d4075a8,0,2019
10,0,8507,0,male,9,1850435496,e6b9c303-c04b-4e9a-b5e7-8ac04b87d4bd,0,2005
18,0,8532,0,female,12,1225265024,b95a95fe-b38b-44a5-835c-6bf4f3ca5843,0,2017
1,0,8532,0,female,12,1879334687,2c796032-ee03-4302-8393-7718cb6d61a6,0,2016
1,0,8507,0,male,10,138502612,fc04e14a-1057-44d7-b797-4558fb7d2f43,0,2014
12,0,8532,0,female,8,1518480499,46653785-2cd7-4190-a44d-87c32900f29b,0,2017
4,0,8532,0,female,1,629374411,660456ed-a011-4ba8-a132-374e9d52c233,0,2011
12,0,8532,0,female,10,1432967876,be00c1db-3c81-4911-a03b-e6693ffc1015,0,2009
25,0,8532,0,female,1,214559235,4bde8098-c4cd-443a-aa68-7a2f57bf14d6,0,2013
18,0,8507,0,male,10,1657164963,de0b71c4-b376-41ab-8563-43c404fd906d,0,2011
21,0,8532,0,female,1,504117610,b418a761-fa6b-46e4-ab50-fd204055107e,0,2003
21,0,8532,0,female,7,1531953236,fa729f35-c6b2-41d7-89a4-aa2fcc361301,0,2022
18,0,8532,0,female,3,363692890,5a8c2365-84f4-4381-ab0e-9f12a0fac699,0,2004
17,0,8507,0,male,7,1906759375,366d2595-31f1-4379-823b-b00a300468ee,0,2017
9,0,8532,0,female,6,715855270,38ebd4b9-df08-4501-823e-df2e87f5d30a,0,2005
31,0,8507,0,male,3,1074054,b3d5dad8-047d-49be-babf-42a46435c083,0,2021
28,0,8507,0,male,7,1562408875,88028d96-91f1-4a99-b9fd-775e5bbdb657,0,2011
19,0,8532,0,female,9,1000841171,b26e456e-10af-4298-85ea-37894d70c4f5,0,2008
20,0,8507,0,male,5,1844197336,9c37e8ad-7156-4489-b52a-11acc131efd3,0,2013
28,0,8532,0,female,9,146915780,2cd7bd70-5c5a-47c2-8972-8ef9aac5e45f,0,2015
25,0,8532,0,female,11,1685043192,a88cbffa-dece-41b6-864f-2bf5f6be7974,0,2016
25,0,8532,0,female,12,1325290596,b9f56da6-2907-438f-b69a-bb964a956e45,0,2022
20,0,8507,0,male,8,1399154461,3346d0a2-65aa-4f1b-b484-5a012acace00,0,2010
1,0,8507,0,male,7,943582894,59285ca4-7a7d-4548-bf13-37438cdaf588,0,2009
28,0,8507,0,male,9,228601652,9ecf9768-3dcb-4534-aa3e-fd8559c8d8dd,0,2014
5,0,8507,0,male,5,810424739,7202fff9-ba94-49c8-8271-ca2ce5ac604f,0,2011
8,0,8532,0,female,2,1508902715,8826d916-cdfb-41c6-81ff-91a761565a70,0,2020
6,0,8532,0,female,9,1143175510,642c5827-66e0-449a-88f3-145bfbab61f3,0,2021
21,0,8532,0,female,8,536547395,64065232-4109-4d0f-a091-d07f5a4d03de,0,2011
9,0,8507,0,male,9,52486398,d23dafb2-9353-41d0-b9d2-34e616133642,0,2018
4,0,8507,0,male,9,1764346300,7296b3ed-da6a-4f7f-8f94-0cf52c6a5fa5,0,2015
20,0,8507,0,male,11,362476114,a09c8ba2-8c32-42c7-bed9-b3bec1e1604a,0,2016
3,0,8532,0,female,3,1241590555,ac12d49f-8191-4be1-92bc-5e5ef7765434,0,2019
9,0,8507,0,male,4,1544707687,dff352f3-637f-48a0-888e-5474e5e1ff25,0,2001
24,0,8532,0,female,12,1239001485,2a82a7d2-b08d-433e-afe4-7ccbf63aa688,0,2007
19,0,8532,0,female,5,587499462,6ec93595-bcdc-4c12-b22b-2eb2dea4f318,0,2019
5,0,8507,0,male,9,1289411041,08fb0395-3ca8-436e-b7b0-97ce61bfba11,0,2021
20,0,8532,0,female,12,196817649,e4a64d15-de67-4202-a013-52100a9cf472,0,2009
11,0,8532,0,female,8,856747586,9b651aff-1cf9-4896-9b6e-8a27abd5a9e0,0,2010
2,0,8532,0,female,11,111166959,70d0978f-805d-4b54-9d37-1d690637c861,0,2005
6,0,8532,0,female,11,247483210,59e3ef6a-4f6e-4d18-98b6-ce22f7d5925d,0,2008
14,0,8532,0,female,2,597619035,5de7a7f6-0dfc-4d20-946f-0d6da8204f57,0,2003
27,0,8507,0,male,2,467009489,d2819bce-7051-4b47-b0b6-e01e48a04b19,0,2019
20,0,8507,0,male,10,1046013319,67651f63-c1f8-4fbd-9695-8598b4f5602b,0,2019
24,0,8507,0,male,2,1439319018,187dd187-589e-4241-88ff-726fe7a49a2c,0,2021
4,0,8507,0,male,7,976987225,d03109b4-5862-41d9-9d39-be18aeec9701,0,2011
11,0,8507,0,male,9,1829212451,8943be69-8e16-4836-9b3a-e7ed701aa5b2,0,2005
25,0,8532,0,female,1,523512498,83d7279f-9e3e-45a3-82c3-879ab9fc8864,0,2017
29,0,8507,0,male,9,2040812821,40f6404b-67d1-4fc2-9f7a-4d3d6c9f889c,0,2021
13,0,8507,0,male,2,741755265,0d786cdb-b21c-4800-b5ab-3fde7ad8e7db,0,2014
7,0,8507,0,male,8,1398998402,8b6bb339-3114-47d1-b23f-e669050abe99,0,2006
10,0,8507,0,male,8,405324741,35b13bd7-ddfb-4f6b-b055-642e2ac98e82,0,2016
21,0,8532,0,female,8,319703119,8fdceb67-62fb-4961-b7e7-241a09a8bdfb,0,2013
7,0,8532,0,female,1,1708137768,157d09d0-1ffe-4e55-9630-b4875dff6007,0,2012
29,0,8532,0,female,12,1557056443,bfe22e98-fbad-4308-a8bf-efc9c0815e0f,0,2017
26,0,8507,0,male,5,1481373979,87cd1c45-5f1b-4126-a67a-6f4f2dc8746b,0,2018
8,0,8507,0,male,5,2071224023,880c246e-7d32-48e8-bb57-cff70fe2c10b,0,2003
28,0,8532,0,female,7,1745153507,d910ac5e-0734-460c-bc20-1ff3c340c155,0,2006
30,0,8532,0,female,4,1414405871,9174b456-868a-4ec3-9798-caac4ba000e5,0,2017
27,0,8532,0,female,10,1654822272,2bab1dc1-24de-494a-a13a-b685e6d9a82b,0,2011
23,0,8532,0,female,11,337906429,868a55d8-e326-43a2-92ae-b0110e7c4f08,0,2018
28,0,8507,0,male,5,1665057423,10a743b3-83da-489c-b366-f11a62b5c89c,0,2017
26,0,8532,0,female,10,1115728680,b9b6e8fd-5403-4ec2-a7db-fb978e969721,0,2021
23,0,8532,0,female,11,1693535170,2bafcb75-5c04-4cc6-a7bc-fda5529e0b42,0,2017
5,0,8507,0,male,1,515530884,71c3c8b0-0eb9-40e1-abff-8e5aab16f743,0,2013
27,0,8532,0,female,5,625439580,6a5ca40d-cbeb-4c71-98ee-2a35e51917d8,0,2008
27,0,8532,0,female,2,383970209,41bc746b-f5db-4b18-98dd-f20e36132c95,0,2015
20,0,8507,0,male,8,317017290,f39899c3-2f47-4745-bd4d-1a40d2218a1d,0,2018
13,0,8532,0,female,4,1849423131,8a1661ec-3423-477d-8bca-8670eb530746,0,2002
10,0,8532,0,female,3,1650529652,82b815df-d152-4abd-8edb-0656823d4f81,0,2010
4,0,8507,0,male,10,710929942,c93affea-0d84-4269-b383-a369ac59c74c,0,2012
7,0,8507,0,male,3,266658807,417ae477-4f21-42b1-9194-cf4ee74a272e,0,2014
28,0,8532,0,female,9,1058998501,40c64c04-3428-45d2-b877-46c3de03423a,0,2004
30,0,8507,0,male,10,56309507,2766cd40-f4b7-4938-aae9-3b0a5fcdc59f,0,2018
13,0,8507,0,male,7,1742859080,693136d6-34fd-4b7c-9c85-0c5ff608cf42,0,2008
9,0,8507,0,male,12,2121953462,10453f62-6dec-4188-9ba0-35a642dd5f11,0,2020
29,0,8507,0,male,11,1312923027,56fb38f4-1df9-43a7-bf6a-33f712fff25c,0,2020
23,0,8507,0,male,10,977674567,1d0922e5-271a-4123-ae4e-a0aad3953c7a,0,2020
16,0,8507,0,male,1,1694769634,2746b16e-f54b-4037-b35f-0042bd4728b1,0,2017
14,0,8532,0,female,7,98693749,501016d5-0256-4292-b08e-1ada977bd387,0,2015
5,0,8507,0,male,2,1777730736,61ae8873-f1fb-461d-a27a-394de997ed70,0,2022
7,0,8507,0,male,8,1567049396,aca45050-607e-4f72-8f00-8607b20d0f5c,0,2013
3,0,8507,0,male,10,1979975387,8f75bc6e-4756-45d6-b48a-de78def47a5f,0,2021
24,0,8507,0,male,9,1842028334,713d297e-0ed3-4554-a496-f892700a0e10,0,2009
6,0,8507,0,male,10,1628891308,be8a05e5-aaa1-4b6b-976f-0f91530fff0f,0,2006
28,0,8507,0,male,2,1408516353,ef6200c0-c25a-44a7-912b-2cc2dc09d53e,0,2003
20,0,8532,0,female,12,481384529,cab0b56d-e7b0-4152-adc3-c43dac76de9e,0,2013
20,0,8507,0,male,4,2117591266,515111cc-d25a-41ba-8683-5e4e79be5257,0,2016
24,0,8507,0,male,1,104760017,cb4bd46e-ec41-4907-a2dc-6151630aacf2,0,2006
23,0,8507,0,male,9,758596910,e7322afa-e8b5-4bfb-b53a-73e1f7bac71c,0,2018
23,0,8532,0,female,12,1120178988,3d8eab9a-5738-4b34-af24-ca3068efe292,0,2003
11,0,8507,0,male,6,944478879,7b3cdf6b-71c9-4d30-84c8-9484f25fbb1d,0,2024
15,0,8532,0,female,5,739105519,72549ad6-dd23-4c63-9d9d-73402cbc4f7b,0,2011
24,0,8507,0,male,3,1316357299,6c53fc61-4fd1-4681-8d57-9e8ff15f0006,0,2012
28,0,8507,0,male,4,628777525,55d21afa-048c-4f00-8f04-088fb4848cab,0,2011
20,0,8532,0,female,11,313926787,7de4ef14-ebfa-477a-97cf-5996948bc858,0,2010
14,0,8507,0,male,9,238119347,9932ceea-76d1-4bb1-b771-ad83f30b303a,0,2017
25,0,8507,0,male,4,988525665,ff72325f-39f4-4df1-a3da-c36f8984be8f,0,2017
2,0,8507,0,male,4,1608983987,3bfc0cf3-502f-442d-b3de-5b07eaf3b4c2,0,2005
17,0,8532,0,female,8,139684720,0c884b52-6ce2-4131-ac88-200fe37c6973,0,2008
13,0,8532,0,female,11,245238975,e1f9ac33-ad2b-4154-8016-9464e3fda14e,0,2015
28,0,8507,0,male,7,1105805146,eccbcc2d-9661-40f5-905a-0d2a025d3706,0,2005
17,0,8532,0,female,11,1288520942,30fb34ea-1874-480e-a93a-73e91011529d,0,2011
31,0,8507,0,male,12,1577387268,87ddc2c3-9f71-40e1-904b-826cc811a494,0,2012
18,0,8507,0,male,9,1090667923,2cb67d11-6f94-4511-aa9c-1da90c497ad1,0,2008
26,0,8507,0,male,2,155248600,4f37f107-a909-4090-abf0-5c2a8fdbcb3f,0,2012
2,0,8507,0,male,1,951971504,b00e8dc3-44a3-4d67-9a47-3736ae6d28b6,0,2010
15,0,8507,0,male,1,697788350,b7cc5d0e-3f81-4e5c-9ea2-e0733f3cc190,0,2017
24,0,8507,0,male,2,332901606,18f3d43c-b3bf-4397-9e9d-1b2f4b5e5185,0,2010
12,0,8532,0,female,8,1847754793,9931026f-4d88-45ca-82dd-7747f5307cf5,0,2002
4,0,8507,0,male,2,931783221,f5fbbd6b-5d1f-41c7-a1e9-92794663b238,0,2017
20,0,8532,0,female,9,492101875,bbc8de9c-b0a9-414b-b3dc-85f749fe31e8,0,2009
2,0,8532,0,female,5,1226184763,1222d026-4dad-4c58-9a18-ed6c30cfcee0,0,2008
15,0,8507,0,male,6,86117004,66b5a524-75ad-4b75-9e70-5130ce9cda6b,0,2001
19,0,8532,0,female,11,1271701357,7d49a5b8-9d8b-4cf7-a6bd-346a6e8ba787,0,2009
13,0,8532,0,female,8,470882549,25621d85-af45-421d-93cf-0b5d6ff22fbe,0,2003
3,0,8507,0,male,11,1703980059,d88620f8-dec7-4d68-a007-402abe6e730f,0,2009
1,0,8532,0,female,6,914068846,0d64b37b-7119-4ed2-b0e1-8938001e2c6c,0,2016
10,0,8532,0,female,1,860792317,251fd9e6-030b-4f6a-ad85-67e829d65181,0,2003
2,0,8532,0,female,1,218692897,9db611a8-647d-4922-9b34-0234bfed85ca,0,2016
28,0,8507,0,male,1,1467549184,29baacf3-9a1d-4db9-9196-d210f7b8017f,0,2008
23,0,8507,0,male,7,1976965771,e1d378c5-f0ce-48b2-ac2a-d8fefc3c3152,0,2018
5,0,8507,0,male,1,143841529,d6d9f08f-827b-4e04-905f-1308bb81fd81,0,2015
12,0,8532,0,female,1,1296473328,d9f3e4de-c019-4c77-b48c-b8222f218b04,0,2005
3,0,8532,0,female,10,1502419357,9c1654c0-f66e-4aac-aaf9-a584285bfc69,0,2013
24,0,8532,0,female,2,1012538751,b76ff5e2-c5be-4888-bfa5-adff07c063a3,0,2017
21,0,8532,0,female,2,1070229030,381646e1-fd3d-4d55-9a8c-7743f72d1cbd,0,2006
8,0,8507,0,male,7,2012589535,82614c20-37a5-47ee-9317-123457a95554,0,2019
12,0,8507,0,male,9,1459881005,10ab360e-25f0-4980-837c-4696c65c82ca,0,2015
13,0,8507,0,male,7,1619075320,35e6fb2a-76ef-41b6-8b9c-862df950507e,0,2017
27,0,8507,0,male,5,1214197780,4accaa2d-2980-4c0b-9829-4fc5364046d0,0,2008
17,0,8507,0,male,12,1167641002,64a3384e-9cdd-4c59-ac1b-de16225a28ce,0,2010
27,0,8507,0,male,6,36386217,289e06e8-29b3-4cbe-bfb2-722d1fd66837,0,2012
26,0,8532,0,female,12,1519397967,764fbab5-279e-45a0-9fcc-9bdf164c9aad,0,2012
10,0,8507,0,male,8,842528820,e5efc699-37ed-4d26-b24a-40b094c2d661,0,2020
28,0,8532,0,female,6,1715766953,3cf990d0-9db3-4dde-b6a9-e8a3d779985e,0,2006
25,0,8532,0,female,5,1950388794,b2c12003-400d-4f7b-bf1a-7f63b0c673e1,0,2003
7,0,8532,0,female,11,1769389371,d47d14bf-1607-4081-950b-fd6de0c95ff4,0,2009
14,0,8507,0,male,2,1516092267,6360b573-9047-49e7-8e3d-9f4f4c33d478,0,2016
11,0,8507,0,male,3,1972004006,6fb515a0-6a4e-4ae6-b302-f07b352d8d5f,0,2009
7,0,8507,0,male,8,1723391106,91963d66-9e9d-4827-a156-c31d54597f31,0,2010
10,0,8507,0,male,10,2084048771,803e9767-4931-4451-a9b1-ffface2797a7,0,2009
28,0,8507,0,male,4,1294859020,6ce7bfd5-e6b6-45f8-988a-bbe65d36cf06,0,2014
14,0,8507,0,male,7,1627490799,d796a395-fd78-48a6-ad02-131ff0998054,0,2010
8,0,8507,0,male,8,1276044326,6f1c5f4c-4fef-46a4-ade6-d2683e117ffa,0,2008
11,0,8532,0,female,1,1624112529,f669e727-1e5b-4452-8a04-ae94fcf29f8a,0,2006
10,0,8532,0,female,11,417016721,0294a5d5-48c4-4727-a773-6709d94a1572,0,2018
25,0,8507,0,male,9,1640197570,1e73ae7e-484a-4b4b-9dc8-7715f068a5f2,0,2003
31,0,8507,0,male,7,1492000834,9011ce85-118e-48f1-8213-8114be724aab,0,2013
1,0,8507,0,male,4,789158807,1cfe7d94-f180-44bf-82e8-c3c3b6742ef1,0,2007
22,0,8532,0,female,6,836308275,bb097451-cfbc-47c8-8b76-ea846816a850,0,2008
19,0,8507,0,male,8,1196718065,791cc920-7288-4f31-8024-87712831f8fc,0,2016
17,0,8532,0,female,4,40623581,808a979c-b64e-4283-9724-bc5a3f4e4f3c,0,2016
20,0,8532,0,female,12,518580695,028f3848-b08d-4afc-8d6d-6f970ab0d57b,0,2021
21,0,8532,0,female,9,1154233227,c22e8fa0-3156-46b2-98dc-c2074d59520b,0,2010
17,0,8532,0,female,5,231533089,6946fd42-5503-4fbc-9573-747b405e9c26,0,2020
31,0,8532,0,female,8,1231968874,823d7caf-ce7b-4f31-81a4-1552c2b35630,0,2013
12,0,8507,0,male,7,232808765,a3472006-b36c-4d6d-8466-02357d4ef53b,0,2019
13,0,8532,0,female,11,181592209,4e84ab10-edde-423e-85e2-074a1af9e1f2,0,2018
11,0,8507,0,male,5,196786999,930bf0dd-0b3f-408b-a8e7-238cc766c9f6,0,2012
16,0,8532,0,female,5,348583190,5e77a58c-fdd9-4b92-827c-c309644d9d84,0,2018
10,0,8532,0,female,2,1940170579,89ba8c0b-27a1-4b0a-9336-6f3c3cdadb21,0,2013
24,0,8532,0,female,4,1884398780,071f5ec5-51bb-4279-a475-461c2b1a88dc,0,2015
1,0,8507,0,male,10,1105100106,903ae54b-c8df-4d2e-be7a-27478b99c709,0,2012
30,0,8532,0,female,9,457404296,7191f018-3452-4294-aceb-4c362aa73488,0,2016
3,0,8507,0,male,9,1589905859,beab2f63-868e-4721-aefe-e72f03b0bcce,0,2018
3,0,8532,0,female,7,1852691139,e7ff598d-5929-4e65-9cfa-c0b854f46d7e,0,2017
1,0,8532,0,female,5,1663604915,ecc5b6ff-743a-4270-84af-88e56134eda7,0,2018
5,0,8532,0,female,4,546847179,d536087b-ee8b-4e88-801a-6ec8a1336717,0,2020
4,0,8532,0,female,2,781696773,81ae09ce-7a06-4cd8-bbdf-e1a6b0d2075b,0,2008
19,0,8532,0,female,1,1486126499,497fd7b9-e44e-4cb9-8f31-238ba0af7edd,0,2024
22,0,8507,0,male,2,1193740755,f64c1720-6329-4007-ad91-33893be330bd,0,2006
8,0,8507,0,male,5,2052125480,6aa775d8-0e43-48b3-a9a4-4f448940f3e1,0,2010
21,0,8507,0,male,11,1878000134,e99e2a5a-7345-4d91-9b9e-b642d86d0b60,0,2018
25,0,8532,0,female,1,1400086702,b4790d06-ecd6-4a58-8570-1e96b3777601,0,2005
25,0,8507,0,male,11,1995650725,5eafa9e7-c4e8-43e6-821e-343ed73c860c,0,2013
19,0,8532,0,female,4,733632766,3834e091-25fb-4188-b80a-10a7b61a2a43,0,2020
6,0,8507,0,male,4,171056727,4d6362c2-947c-482d-822a-3ac589cf2324,0,2016
8,0,8532,0,female,1,1909475223,2fe271a8-aaf5-4c34-bb92-1402e20386f1,0,2013
12,0,8532,0,female,3,1258901301,16fe5eff-c31a-4ed7-b7aa-b2b5e833c23e,0,2014
27,0,8507,0,male,12,263737555,939b1a4a-2a9f-49bd-8e79-d30ff6aaaf95,0,2021
30,0,8532,0,female,5,981947479,19fe8965-ffd4-4e40-aa29-301d10463266,0,2008
9,0,8507,0,male,12,213685475,a6d6fe6c-8807-49f4-b6f4-adc663fbac28,0,2005
18,0,8507,0,male,7,69663096,d0e20d92-4844-4c8a-80d0-90a729493dfd,0,2003
22,0,8507,0,male,2,1946097353,0d78374c-8082-418d-90c2-48f97045845e,0,2015
2,0,8507,0,male,11,655823719,e0f9a5e4-9402-4176-bbbc-df6c3294f773,0,2018
1,0,8507,0,male,3,834092801,9fba14e9-704f-4c54-86da-46ec51716781,0,2022
8,0,8532,0,female,10,859826243,0b12bf67-dc1c-43ae-b0e0-3a30d43e7e85,0,2019
26,0,8507,0,male,10,689406248,3aea8211-d024-4d5c-9e33-96e72f213ff5,0,2011
30,0,8532,0,female,9,1787399525,27f358d6-6af0-451a-b50d-36230b860ab8,0,2011
15,0,8532,0,female,12,1853846929,35b8b4b4-12cc-40ca-851e-3d6dd8e691a1,0,2011
19,0,8532,0,female,9,995056123,d6525439-b92a-4d13-bdbd-1080a613813f,0,2019
20,0,8507,0,male,9,2065220371,c3701457-2286-4f80-a57e-7943c2d8a5d8,0,2009
17,0,8532,0,female,11,300451054,79b30ebf-f8f5-4dcb-a7a6-60bf1150dc44,0,2020
26,0,8532,0,female,12,1882272213,934a4509-857c-4dc1-9d17-3fb1bcd5389f,0,2011
27,0,8507,0,male,12,1824451979,8204d8b5-b31a-49d0-be33-7a6b9d480c78,0,2016
1,0,8507,0,male,3,1772544005,9a79081a-80f3-4d81-bd63-b0dfb17c9763,0,2002
23,0,8532,0,female,7,1003446041,d88b7460-8941-420d-a6c7-204d85931613,0,2019
3,0,8532,0,female,9,1146943598,879d9936-4a5a-441e-8814-c891016ee86b,0,2022
19,0,8507,0,male,8,1530158968,4a26abf1-a051-4865-8c6e-30c81bded456,0,2005
5,0,8507,0,male,1,470159483,22f84b19-ff02-468b-8a87-84f0ea5dccb5,0,2014
20,0,8507,0,male,3,631786442,c2a4c083-a242-401c-aa71-6fa25c782567,0,2019
31,0,8507,0,male,1,231542214,b7ba9df8-1c30-4042-a048-bb7f0e7a7228,0,2016
12,0,8507,0,male,12,1863404912,8137f6ec-31f9-4b12-bffd-283656329765,0,2007
2,0,8507,0,male,10,990833495,d004ec70-76f3-4607-af8a-e6856860591e,0,2015
23,0,8507,0,male,6,1769317618,28ca0337-c4d7-43ef-a899-ced89eb40394,0,2017
11,0,8507,0,male,6,704645939,a14d8eb5-c418-4492-b7af-6f8366cfc210,0,2010
27,0,8507,0,male,9,2116181232,8283563e-b124-44fc-9121-6e91958f88c6,0,2012
5,0,8507,0,male,9,1741005549,c5369932-3ac7-4a2b-a6fd-dcd32043385b,0,2008
28,0,8507,0,male,11,867191901,f5da089b-098b-4145-b231-40161a6b24ed,0,2010
16,0,8507,0,male,3,1683762945,91b692bf-58b3-4dd4-b41a-2801a453c2cf,0,2005
9,0,8532,0,female,8,1548461750,5ac62899-000c-43aa-9971-ee0a7a5573e0,0,2010
11,0,8532,0,female,10,2084926168,979999ef-1f6a-49d8-96b8-9eda91e5ff53,0,2014
23,0,8532,0,female,10,1980523125,5c5a630f-b830-4785-9388-cdb90794a3cf,0,2017
27,0,8507,0,male,1,707065506,244304ff-724f-46d6-b904-33b31a06f0c9,0,2012
2,0,8532,0,female,5,1948596293,e18d2823-a3c6-48e0-8657-d06011dcd564,0,2002
11,0,8532,0,female,4,459844330,07eeda43-92b0-44b1-b642-1da2b046a743,0,2016
15,0,8532,0,female,9,824509196,e49fdda7-43e2-4c39-941b-3ba78307f293,0,2015
29,0,8532,0,female,12,1993834997,b3bbbd90-5aec-49be-91f1-6a72fd9d954e,0,2013
13,0,8532,0,female,3,143096815,6bf9c317-9af2-42fb-ad73-ceeae52acf9c,0,2013
23,0,8532,0,female,8,1711341962,61d660b0-6892-4ff4-87bc-6ca8796642e3,0,2016
13,0,8507,0,male,11,2023180588,7065ccc3-8a99-404f-ba2a-2bb01807bcff,0,2011
15,0,8507,0,male,4,1148391000,4a26d061-1d95-4d25-85d3-40bf7a74d0c1,0,2018
11,0,8532,0,female,12,2127574659,19ec394c-bacf-456e-955c-53f9662592f8,0,2011
22,0,8532,0,female,7,472780914,b8099409-ac2b-4526-942f-da85b4db2869,0,2004
16,0,8507,0,male,1,1095674143,12d4e40c-c36c-490b-9cb5-f7c9de2dd7f7,0,2013
5,0,8507,0,male,8,744184828,553f4ba6-c429-4538-8de7-818fc14f2cd4,0,2010
1,0,8532,0,female,8,1801443476,fa862768-cd06-44f5-8976-db8291c3e519,0,2018
30,0,8507,0,male,9,27202088,983eead9-1e52-43c8-9caf-a8b03fc920d0,0,2013
7,0,8532,0,female,5,1748171071,9bc47bdd-486f-4242-b3ff-941e65f62c3a,0,2003
4,0,8532,0,female,2,933895083,0ff5bee0-5a5b-4248-8619-028ed2dcd5bb,0,2021
20,0,8507,0,male,11,944567025,1d8afe67-84a2-4a2c-b619-4fc432e39c8c,0,2005
23,0,8507,0,male,8,66564242,9ae8d303-f514-4270-a0b8-792ff80cedd4,0,2018
4,0,8532,0,female,11,916792762,735b18d3-444f-4654-93d7-e0bb1540c634,0,2003
30,0,8507,0,male,10,1759420839,9f9644a7-7f8d-4e48-8299-bea8d31800cf,0,2018
20,0,8507,0,male,8,1582293269,b9ef264e-beb2-4c4e-98cc-e1589ec26474,0,2010
22,0,8507,0,male,2,908157681,de8aa601-b6ba-4bdd-8ad8-484a5b27840a,0,2007
29,0,8532,0,female,8,1653509549,d7de0000-b3f0-4da0-9b70-bf1d321e3588,0,2006
29,0,8532,0,female,4,1155232503,4e37f385-fb42-44dd-9f6e-cba872de223f,0,2004
12,0,8507,0,male,3,1026578949,f3324638-de49-41fd-bcf8-76e4d09dc768,0,2005
28,0,8507,0,male,5,1127321261,b225aab5-c4b8-4c70-bc1d-7af01baba25f,0,2020
19,0,8507,0,male,10,1836409556,73811f69-55c6-443e-934b-c4f558974378,0,2008
12,0,8532,0,female,4,1733044083,49b89b4e-64a1-436e-909b-e053768d4d6e,0,2006
6,0,8507,0,male,5,1264393687,8a71d5c8-a2ed-4c9c-9c2e-2bb32355def3,0,2012
1,0,8507,0,male,4,1770100781,674446a2-d8bd-46d5-9628-498225fabcb4,0,2019
26,0,8507,0,male,6,190607917,fbbb6452-2fda-4f17-a4fd-0aee5cfc3f28,0,2013
24,0,8507,0,male,4,2125809318,341ae559-3648-4ae8-9c46-55e7d2430a50,0,2017
17,0,8507,0,male,8,1522508026,42680312-e63f-408c-9a73-65fcfc188893,0,2008
2,0,8532,0,female,6,220308605,bb66718c-bb6d-46cc-a4bb-82df51484a7f,0,2018
8,0,8532,0,female,3,2015299933,155ed729-bad7-498f-9ae7-6fe8dbcc6540,0,2012
14,0,8532,0,female,11,917027651,fa3537f6-8794-4af5-8f40-ef5118431333,0,2016
18,0,8532,0,female,10,1038905180,15f2431a-6dc6-4b20-a003-f6ea9a08c757,0,2017
30,0,8507,0,male,3,229727088,985cd6ae-0a59-464a-97b8-5980aeeb0a24,0,2006
11,0,8532,0,female,5,180594400,ccf99428-ac5e-4583-978c-17229a4e3ca4,0,2020
6,0,8532,0,female,1,1382674418,89fc6b3e-1563-427e-9e63-c34cca81699a,0,2014
18,0,8507,0,male,2,1339602701,7ec0e023-5e81-4851-8d25-e78e00294ddb,0,2012
24,0,8532,0,female,2,938855252,85d644fe-c6d0-45f4-8c50-2b7584754bfa,0,2020
24,0,8507,0,male,8,271080565,8b085f95-6099-4dde-aca2-a2ac048da261,0,2001
16,0,8532,0,female,11,422111947,ca079f1a-9c43-4a84-a92a-ab5eb82ade84,0,2017
1,0,8532,0,female,10,202506758,ac5c3dd5-9266-4188-b7df-3ad98ebf5772,0,2014
31,0,8507,0,male,7,1143052790,f1b39d84-4ec1-4fc1-b5b0-24f8a7d9600a,0,2008
14,0,8507,0,male,8,1669797814,4e45ae99-29f4-4b8c-9bb1-3e9dd5e8d53b,0,2011
22,0,8532,0,female,6,961234072,657d3171-5ae5-4b4d-9066-fd58ccb9ffea,0,2007
19,0,8532,0,female,1,863136317,c1126dbe-4c13-4755-905f-bde1094c1a04,0,2009
22,0,8532,0,female,9,877790801,0a875ca1-11e3-4a24-87ac-e1a94a15e1dc,0,2018
15,0,8532,0,female,1,1832127335,fcd69c57-9f85-445d-8116-69da8816fbff,0,2008
26,0,8532,0,female,10,392199580,fe86405f-eaf5-41b6-8af4-bc69b8d86386,0,2007
5,0,8507,0,male,7,2037647870,342a24d0-bd71-4f0e-97e9-4c28cca58e9d,0,2005
22,0,8532,0,female,12,557884403,46f23dd3-9555-4b00-8bfe-350f9f446ac1,0,2021
26,0,8507,0,male,11,1776603974,9b8e0dab-8ec8-4331-a2b5-ad6010432817,0,2015
20,0,8507,0,male,11,1318390453,178dfe68-f1d5-4320-a524-a3e7bb10624e,0,2012
8,0,8532,0,female,6,872416913,042aebe3-be24-47dc-a17f-d4b7acbdbea7,0,2015
28,0,8507,0,male,12,454665094,444b90b7-8da2-4bc6-9aa0-3f5e549d4c5e,0,2021
2,0,8507,0,male,2,851246303,a8e4cdd4-238e-457d-85f8-bdbef5948097,0,2014
5,0,8507,0,male,3,1971860529,13329b1a-7ab2-47cf-9928-76e2a75bd8d8,0,2018
29,0,8532,0,female,11,424366462,5d8e3053-2918-4582-a833-045f685f9c28,0,2004
6,0,8507,0,male,3,1947521049,5f8fbe10-7c6f-4228-ae22-5271981d7bcd,0,2018
8,0,8532,0,female,12,1004229281,eca4ce69-fe59-410c-a078-6c7aead0e496,0,2008
20,0,8507,0,male,4,1567858256,b078f82b-a0c3-42c2-a989-a84cdd716b10,0,2003
24,0,8532,0,female,12,2064121963,af9eb06b-eb38-43e0-90c9-0c8dfcc3c267,0,2016
15,0,8507,0,male,5,1306044138,433b79cb-4cb7-462e-a011-5eaa01791a19,0,2008
19,0,8507,0,male,2,1130769199,b5fcf67c-7eaa-4fcd-8a3c-4eba90923097,0,2024
9,0,8532,0,female,10,1839708791,32291ad2-4ab0-48df-bcbc-5e32859bd5c1,0,2006
5,0,8532,0,female,4,1531641019,092acf06-3e27-4fe6-83a6-3e5d483887ce,0,2015
28,0,8532,0,female,9,1043737063,3b1d08b4-69cb-4022-a6ad-f3eeb1dcc56a,0,2011
19,0,8507,0,male,2,733362660,e7947f0d-0c35-4e96-b0c7-0e7c938f8f08,0,2007
8,0,8507,0,male,6,2109848931,5e9779c5-f8e7-4107-bf4d-a817ea89934b,0,2006
3,0,8507,0,male,10,343017467,b04f19d6-0e5b-4819-81f8-de7dc9875655,0,2003
14,0,8507,0,male,9,697608353,6de6eceb-3dce-473a-82fc-99e5d461ee5a,0,2006
16,0,8507,0,male,5,1023330813,7c0bbda0-94eb-4d30-a6f4-6de6f36b6f76,0,2011
10,0,8507,0,male,7,2048997276,1a7122ab-740b-4818-9b90-1ad057c97a75,0,2004
22,0,8532,0,female,5,249040389,7d30ce81-44a7-401c-bf76-9faef7ba117f,0,2016
24,0,8507,0,male,8,341952637,2a7f376f-5a57-44ae-be6a-cbdfb251802f,0,2018
17,0,8507,0,male,11,1611463403,947b6902-0d64-4453-89e8-379164fa15a4,0,2008
10,0,8507,0,male,11,1710559610,5f40ec67-86ea-4818-8127-044b47235fe5,0,2011
20,0,8507,0,male,5,346801038,b2746a5e-f304-49bc-8d0f-c5e3c57efb72,0,2013
12,0,8507,0,male,1,1805852931,3345273b-7b46-4464-9ebb-5c03fe43a2ae,0,2022
5,0,8532,0,female,8,676200426,efad3ca9-13d9-4c8e-9cd2-b5f9907ff579,0,2014
14,0,8532,0,female,1,673739513,8d927447-2eb5-4902-ac5e-239a41dc84bf,0,2005
16,0,8507,0,male,3,1257575876,8da9fada-cf7a-44ef-9ccb-03989fd84eab,0,2008
23,0,8507,0,male,12,1853955816,8facc5da-ef02-4199-9d0b-dcf3975bf71a,0,2018
28,0,8532,0,female,3,1593017797,800291ee-7550-49f6-8434-1f8b585cf371,0,2016
11,0,8532,0,female,11,1364515690,479d2bc5-87aa-4b75-af0f-bb850666c541,0,2010
13,0,8532,0,female,4,991145118,6f6dd587-28d4-4eda-bafd-30a9a582bfb6,0,2011
7,0,8532,0,female,10,1488188224,bccc33f2-6019-43ff-810a-7285fd75681f,0,2021
28,0,8532,0,female,11,947205587,839ba3bb-fe4e-44c0-8d27-deee73d3fd63,0,2014
5,0,8507,0,male,6,1575563742,03d4be93-a09d-4fe0-8253-e4e9c25d9b68,0,2017
25,0,8507,0,male,5,1379342117,732207d1-81ff-4ad4-82b1-1d2ca1cd924f,0,2019
24,0,8532,0,female,4,177773266,0678b9e3-4e2c-48db-8169-c257de3aa1e8,0,2015
29,0,8532,0,female,3,1676785610,4833666e-a3a1-4a1e-89f8-87f555c8cb7b,0,2003
8,0,8507,0,male,5,531108383,44d76199-ce1c-409e-b286-644f674e7fca,0,2016
2,0,8507,0,male,1,1988302359,7da1d925-b32c-461f-bfa9-b79a88a7eda9,0,2019
15,0,8507,0,male,9,1033791668,07e38f98-aa7f-4f04-a4df-7aab74b57e99,0,2006
18,0,8507,0,male,6,730034974,fde49736-fe95-4dcc-a52b-61b4c84f6557,0,2005
26,0,8507,0,male,6,52370214,bb3cf085-8df6-466b-98c6-f48b890ce0f8,0,2005
10,0,8532,0,female,1,819449024,887130f8-3656-4c60-962c-3c32c1753733,0,2020
21,0,8532,0,female,9,1271996630,9a2164bb-22b5-4f78-bcfa-1b1fef05e2ae,0,2006
20,0,8532,0,female,3,1879290223,b005fda6-e5df-40f7-a6ba-b043fa36eb3e,0,2023
4,0,8507,0,male,6,522973201,5ec6367f-edaf-4e7a-afbb-7132eae79d1c,0,2022
13,0,8507,0,male,8,1609816553,02e4d8d1-effc-4921-b33d-18c4e12fd2e8,0,2021
1,0,8532,0,female,10,302897421,ceb9da93-f3a7-46cf-a545-b799996c4949,0,2009
2,0,8507,0,male,7,112978705,18f436dc-13de-4170-b29c-ee25dd810758,0,2010
26,0,8532,0,female,11,141613173,7998f054-e9af-4f68-9e06-b6e8c5cf3ccb,0,2010
17,0,8507,0,male,4,2114830897,46b6f7cd-eca0-43c5-9a44-5ceb1aa82e0e,0,2012
15,0,8532,0,female,6,458839689,c770c040-5192-4206-bd76-49f86d3a54bc,0,2006
7,0,8507,0,male,1,1046151843,5e1dd348-7cc0-4cd5-892b-7dd7af4a749d,0,2010
20,0,8532,0,female,5,1509043732,c6b32c4f-53cb-4a75-a2bb-008b4411cf66,0,2011
20,0,8532,0,female,12,1483419076,8f84b2cf-ec10-4393-9448-6148de336d24,0,2018
26,0,8532,0,female,4,813890325,05e36c07-cdd7-4fdb-a298-c41fdd5c2c7b,0,2017
10,0,8507,0,male,8,23645323,54c60148-592e-4c83-8770-34a9e928e86f,0,2019
22,0,8507,0,male,9,29855753,102b90b4-a908-48bc-861b-ad7727927a1c,0,2021
15,0,8532,0,female,12,1816130705,bbf559af-2785-4d58-8b13-b31d1364e41f,0,2008
5,0,8532,0,female,11,2078739304,2d2f374a-ad59-4988-8a8c-849fc0febb9e,0,2015
17,0,8532,0,female,8,652779086,3917841d-d1d2-412c-b39c-2cf74e4c502a,0,2018
29,0,8532,0,female,5,1603269991,12b81af7-fddb-43e2-836e-f99581e11074,0,2019
29,0,8507,0,male,12,322252037,ce560d49-d5ad-4e5a-84d3-9a84591b01b0,0,2010
14,0,8532,0,female,6,1129931907,ed117ec0-fee2-4734-9d41-682539fe606b,0,2006
14,0,8532,0,female,12,1480358983,45b2a7ae-b7fe-429d-b823-1c6607d3ce0c,0,2011
24,0,8532,0,female,3,573685984,5c9998e2-7202-4aef-8604-f7d1e69411e8,0,2018
1,0,8507,0,male,3,1033414053,cd356320-e3dd-4067-9c9b-5cbae0d6631b,0,2003
25,0,8532,0,female,8,964356437,5bf07a04-273f-4fe0-956c-ec1da3b752d1,0,2012
11,0,8507,0,male,5,9662803,d5b31a9b-d08c-4c15-b8ca-700a2ad24656,0,2007
29,0,8532,0,female,4,438710547,a2fd2d7c-f339-4dec-8553-588c93eaf205,0,2024
6,0,8532,0,female,11,1930531306,cf39ae7e-53e8-4fc5-a637-c08e66629a18,0,2018
7,0,8532,0,female,3,1185578120,54e269ea-9b1e-4eb4-afa2-7b32d437c701,0,2008
26,0,8507,0,male,6,1368000081,89590850-dd66-474b-8c97-d4a78036e95f,0,2013
20,0,8532,0,female,9,560813380,13716409-e94f-4dc3-8bde-8c6fd3cbe3a8,0,2012
21,0,8507,0,male,3,1616591935,75a5d4a4-a282-4d45-ad88-436034092bed,0,2009
25,0,8507,0,male,1,1404237790,c98c5577-4d2b-47e6-8dd1-798906338b4f,0,2013
13,0,8507,0,male,4,287573401,afb4b691-7b22-45af-9e09-9fda57678bc3,0,2015
19,0,8532,0,female,2,2022069414,15813c6d-f07f-472d-80b6-8a982eb1d56c,0,2014
17,0,8532,0,female,1,1625076191,55ec457d-1533-4de9-8145-9bdff23e638d,0,2021
11,0,8532,0,female,10,899639312,81af99aa-4ff4-48c9-a07e-fec2a58a53d9,0,2017
24,0,8532,0,female,4,613407074,c1828483-151b-41c1-b2b0-fd3f0924daa1,0,2003
18,0,8532,0,female,4,817795981,56901aab-e974-428f-92f5-1b238145a7d0,0,2023
7,0,8532,0,female,12,864202212,0e1a5d4a-155a-4d79-b724-fc156e76906d,0,2015
21,0,8507,0,male,2,1195012606,f898b145-76d0-4cd6-a170-4b55c837e6a7,0,2014
31,0,8532,0,female,7,426537058,6998bffa-7a67-4e63-b6f3-917fe1e9eb50,0,2008
13,0,8532,0,female,1,799581766,6fc46175-9986-4487-82c2-c7081233d07a,0,2006
8,0,8532,0,female,8,1035885273,87d0182c-842c-431a-9d5e-a2db4591c8cc,0,2016
8,0,8507,0,male,6,1310766519,ec5dfc89-6324-454c-8129-9d3f702ea23b,0,2004
7,0,8532,0,female,11,1558174783,433a9db8-8321-440a-a3cd-f0f4780c1dd4,0,2016
26,0,8507,0,male,8,1613182340,432fef8c-5778-4ef6-aee2-ad87e129275a,0,2016
9,0,8532,0,female,11,68510162,c17d37db-3482-4e1c-89e2-8d544f0cbadf,0,2018
21,0,8532,0,female,8,2054345382,4f3b1528-b970-460e-99de-9031e013cd78,0,2002
6,0,8507,0,male,1,82702295,863fce32-b7dc-404b-a23d-f00bf4dd167a,0,2008
14,0,8507,0,male,9,1528217491,a6100f4e-0a07-4697-8033-5871dd943f80,0,2021
9,0,8507,0,male,10,1115036192,7c7e520a-6d46-4716-bc6a-64cdffb8a0e9,0,2009
10,0,8507,0,male,8,378896935,8efcc7cf-ad1c-455d-af43-6177b3c00161,0,2015
16,0,8507,0,male,11,56442792,56423f9e-9983-4457-9dd2-f58052fe8adf,0,2005
3,0,8532,0,female,1,1247702889,1c46e3a0-ede2-47bf-9e6a-8fc32ea1c37a,0,2021
10,0,8507,0,male,1,1159371345,e1afbd63-6094-4839-b036-2dacaf38ec26,0,2019
7,0,8532,0,female,5,1988863023,56c2ce44-26c7-4634-a088-b64ecfd422f0,0,2016
2,0,8507,0,male,7,941379404,543b09cf-4a0c-4b61-a317-8878ce53513a,0,2014
8,0,8532,0,female,2,1151860491,1c33a149-c2f2-46c1-a390-b11e40f24b34,0,2021
19,0,8532,0,female,4,1129121441,c5c01691-55c9-4d1c-8786-2251684d104d,0,2006
4,0,8532,0,female,2,1796725541,13b5bbd0-3d9d-421c-970d-5ebd8abafdba,0,2016
21,0,8532,0,female,9,225280619,92461a1d-956c-4c1d-853b-1ecf106c316b,0,2019
9,0,8532,0,female,6,1513517983,019398e2-ba9e-4b4c-b285-ac05c24c879d,0,2016
13,0,8532,0,female,8,1383950856,f4c12e5e-a9a1-43db-a5f6-d42e087145a2,0,2017
9,0,8507,0,male,3,1373554940,56104489-32ee-4106-93ef-bc2c34c4d8ac,0,2005
25,0,8532,0,female,7,373266654,204786d1-1656-4f3b-b7f2-034ab0f66e0a,0,2010
28,0,8507,0,male,11,504746928,de039f57-fa53-4f89-893d-04468fd23c9c,0,2012
4,0,8532,0,female,11,741437173,c6bd511a-7695-46e8-9d50-ee7f9fded083,0,2005
14,0,8532,0,female,2,393228863,2a5bc074-4588-491d-b1c7-7e7e21e917b9,0,2009
16,0,8507,0,male,11,1327365446,73113063-52a4-41ef-8584-220701586f21,0,2018
11,0,8507,0,male,2,1182330937,dd3bc26b-f0cd-478a-91e7-b378b463c092,0,2012
6,0,8507,0,male,8,1621446461,d3e12d28-66b9-49af-a212-098afb61eb67,0,2009
20,0,8532,0,female,2,639405995,5f5aa5f1-07c1-4889-849c-59c4b3b12733,0,2005
17,0,8532,0,female,1,31787805,223aad02-734e-4db0-a89d-4684c60dd748,0,2012
22,0,8507,0,male,8,1936079537,980133c7-f458-41eb-97f1-0e8d68eae200,0,2016
11,0,8507,0,male,4,445580009,19552ef6-869f-4335-8a95-17d1fef954a1,0,2005
21,0,8532,0,female,9,1048424751,6da550fb-ede5-4cb4-a435-1dcd3b50f2a7,0,2024
19,0,8507,0,male,1,765751586,60cf04f6-5f71-46fd-a2d2-6eda1d98aaca,0,2019
13,0,8532,0,female,10,29323935,a15a735a-e86b-4fee-b105-c05a32938307,0,2012
27,0,8532,0,female,11,1602375138,d80cb358-e862-46f2-ae11-39b376d6819b,0,2005
26,0,8532,0,female,11,287441324,8e90b5ae-8200-49ce-a3a1-02122c566bbb,0,2013
3,0,8507,0,male,3,1163274147,63646e97-d7bf-4f96-bf1d-ff5442754936,0,2006
15,0,8507,0,male,11,95182402,e39d5e6b-7aa5-4df8-9d74-d2719e9672c0,0,2011
11,0,8532,0,female,6,1591986493,209bdad5-2967-47f6-aa44-7586276d3e22,0,2017
1,0,8507,0,male,6,173943463,d998f809-5651-46f7-90d5-bde06bedf83f,0,2012
25,0,8507,0,male,12,1153988732,68474e63-767d-4476-9850-569d2780aa6c,0,2002
20,0,8507,0,male,9,458750128,8059ec6d-81db-455e-8cfe-78c5021000dc,0,2007
9,0,8507,0,male,5,1275234037,4f4569bf-4fbc-489e-82ca-f72fd58acb94,0,2008
30,0,8532,0,female,8,1311242770,71516099-b529-4de1-b4fc-0927f24dc70c,0,2012
31,0,8532,0,female,5,10796521,90771c21-98c2-4c4b-ba0c-51c795bbd7cb,0,2021
5,0,8507,0,male,11,2106214388,cf4ed8e3-9a13-4266-a285-b461b67fd9de,0,2016
2,0,8532,0,female,3,120917194,aed1ebad-ad28-4663-874a-73bce8a3778f,0,2010
3,0,8532,0,female,4,500299290,36cd934a-3a8e-4d4d-aa61-11efc6a60d1e,0,2009
23,0,8507,0,male,7,1745019244,c1ab04d9-9018-425b-9f2a-20c2a175a7f8,0,2010
8,0,8507,0,male,9,977295476,ac23ffe1-d1f3-4c13-99f5-3dcdabb89192,0,2007
3,0,8507,0,male,10,163113439,d537d8d8-1b8c-416e-a2ff-cc97be7f8d42,0,2011
16,0,8532,0,female,7,1139990705,4846ae62-c048-4f0c-ac82-5b1623e85074,0,2003
5,0,8507,0,male,6,81219009,49164f57-e11c-4c1f-ad48-325d74f5f65f,0,2010
16,0,8532,0,female,11,517123780,37c46469-a658-4a53-9d62-32242236708a,0,2021
3,0,8507,0,male,5,1589628819,982d0a24-69e6-4287-8240-e46857cbcab2,0,2005
11,0,8532,0,female,7,1235483511,48c8969d-f8a1-4a80-b2f3-226fd94dc9f4,0,2004
19,0,8532,0,female,1,1723534224,2c09971b-44e2-4c69-bd56-a3a2ae7c27f8,0,2004
26,0,8507,0,male,10,765179267,e3d31a9d-507f-4454-8ed1-8aad5ee27630,0,2011
22,0,8532,0,female,3,1041931512,68634372-74ed-4e2c-8393-e45bc469394f,0,2020
20,0,8507,0,male,4,877459393,a4a7519f-3106-4e7b-bb87-faf3d48f871d,0,2004
14,0,8507,0,male,9,556601513,7f47a39f-4fab-46b7-a57c-f0c21a702416,0,2013
30,0,8507,0,male,11,995814580,7d4559c3-9555-4274-a0cc-0e9ea4b3d7ea,0,2019
13,0,8507,0,male,2,651403509,f7d13792-44ee-490e-a4ed-d5696a7a7dd2,0,2018
2,0,8532,0,female,12,713787456,05361de1-2f20-4d90-b395-9549df9067fc,0,2019
25,0,8507,0,male,3,360886721,05662231-be7f-4617-9165-f834feb26c0f,0,2009
2,0,8532,0,female,3,1694892322,c30044ed-97b9-433c-a527-5b222c477c6e,0,2012
18,0,8532,0,female,10,870707965,f4fceb9f-3a54-4bcc-ba4a-6c26e34ca41e,0,2019
26,0,8532,0,female,11,2085860715,afc0420e-da1d-4192-9832-20ce126870a5,0,2019
31,0,8507,0,male,8,1966336997,3c72b690-f8ca-4878-b645-f1e0935f8c19,0,2014
31,0,8532,0,female,10,370554563,de8dba83-77c6-472e-b027-a4eb93e0df07,0,2007
25,0,8507,0,male,4,1320165047,9df9804e-b416-478a-8221-86c96eb2dceb,0,2018
27,0,8532,0,female,3,2011144265,530c2b72-1dcd-4b9e-87f9-2caa7d9dffc1,0,2017
19,0,8507,0,male,1,353843239,f060194e-9378-4ba4-a735-209cfb8ee6bb,0,2021
17,0,8507,0,male,12,1268242289,727c0cf5-9205-4caf-8430-6b7e168f2b90,0,2013
14,0,8532,0,female,10,577112251,d2ea33ca-7dbd-4461-82c1-f9af0af2f540,0,2009
19,0,8532,0,female,1,2108766639,481d6e32-b46d-4a64-850d-50504a05a927,0,2013
31,0,8507,0,male,8,896872761,5c08559f-da25-4f43-b599-d383581331c8,0,2009
1,0,8532,0,female,9,1179625482,5a6c6e4c-0102-4e96-a52c-d69c8d89a110,0,2010
8,0,8532,0,female,10,445243752,b1ca0446-a9a4-45f3-a0c3-29dee9b49fa4,0,2009
12,0,8507,0,male,12,806279846,291842f2-da2e-469d-9fc7-5ba3e2544a43,0,2004
7,0,8507,0,male,11,878341029,5d9ce4c4-ebf2-4acd-b017-3788dd734bfd,0,2012
9,0,8507,0,male,9,438657604,416cc680-a5f9-4250-bd55-aab1787b1811,0,2011
7,0,8532,0,female,8,875653685,5d4524e2-7f80-4a19-b699-bba528cdc219,0,2007
11,0,8507,0,male,4,2042179504,cd306687-13f4-444a-a531-2c752ab40b5c,0,2005
3,0,8532,0,female,7,887684353,ad839d6f-cdfb-487d-abd8-7ed3af30e81c,0,2014
12,0,8532,0,female,3,334408049,6d984b40-7bb8-4ffe-be91-b96f30abc7a1,0,2020
8,0,8532,0,female,1,51780130,bd0ae596-5d2b-4577-93cc-66fcebd2af2b,0,2003
2,0,8532,0,female,11,1435702002,e46026eb-c0e9-436c-8a88-89ec32a0cdc7,0,2019
23,0,8532,0,female,8,77974458,9170e920-fb44-46c1-b619-4569600196dd,0,2007
13,0,8507,0,male,5,2130662421,4ef6cf0b-d49c-4174-ad90-203f52f42e68,0,2001
30,0,8532,0,female,11,27375227,9c30702c-2e08-4175-8bde-eb80c25f0450,0,2008
9,0,8532,0,female,5,294954213,94dbdc94-e1ae-42a9-bb77-0053173738f6,0,2011
21,0,8507,0,male,7,1018515577,76a5ffac-3a8a-4402-a492-c459bfd077b6,0,2006
28,0,8532,0,female,12,1817568094,9db83943-abda-4dc1-bb94-c7c57bd599e5,0,2003
18,0,8507,0,male,9,1422224525,2f605a5f-68cb-4386-92d5-1fff1b00df18,0,2009
9,0,8532,0,female,7,1241113598,ce02e0b0-c7f7-4f4a-b94d-a1951b8fb222,0,2017
5,0,8532,0,female,2,852683698,09669fc8-5060-430e-a7ad-a3bb99a93717,0,2012
6,0,8507,0,male,3,2050673686,94744094-4137-4f03-aee0-270ea26a8cf4,0,2018
29,0,8532,0,female,11,327866190,9fba2aa1-6ac9-41f4-8979-1f4bdab50287,0,2002
22,0,8532,0,female,12,1475119070,a50744fb-17f9-43a9-bd37-1d212f1238d0,0,2022
21,0,8507,0,male,3,176765463,d92ff433-de1c-495a-9d2b-e243dfe19dca,0,2006
18,0,8507,0,male,1,1185407072,1dfc8691-63c5-4ef3-adc0-b06f859c4469,0,2013
12,0,8507,0,male,6,231468412,8ac9f8e6-fc81-4ff5-be0c-9f566ba434de,0,2007
15,0,8507,0,male,11,750813711,42109646-5379-4b07-9d62-de6a22f7d314,0,2015
23,0,8532,0,female,2,1398850309,f9e00672-fe70-405a-a156-310a0c9b90a2,0,2020
1,0,8507,0,male,7,997119828,e017693b-8b04-49e2-850e-55d8380d348a,0,2007
9,0,8507,0,male,10,1414333169,4153ca97-ad10-498a-bd0d-3deaa80c079f,0,2007
13,0,8532,0,female,4,183528869,9c1c9e2e-75de-4378-8ae8-cb5bde64f7bc,0,2015
14,0,8532,0,female,3,389023119,c1b9135f-e3a3-4bfe-ab56-547bea1cc3c6,0,2018
22,0,8507,0,male,9,1482493759,929d6a1f-a2d0-4a37-aa47-e330b7708fd1,0,2017
13,0,8507,0,male,1,456344287,a73c4735-84ed-4d1b-a124-78923cd43d0f,0,2006
24,0,8532,0,female,5,1504967159,eb836cd4-aa52-42d2-9662-ef291d526d37,0,2006
18,0,8507,0,male,3,1162026181,eaf4a9c0-08aa-43db-a46e-8617659dfd46,0,2019
2,0,8532,0,female,9,1173747762,c32070e2-f389-4eeb-a3ab-edfc256bf38e,0,2006
11,0,8507,0,male,9,1255201940,82a2b95b-6a1f-433a-a220-ed0d5d8c9e5b,0,2019
13,0,8507,0,male,6,7054827,cc43e0e6-342e-47fe-8ecd-991998fd870a,0,2006
7,0,8507,0,male,3,1509893220,0ce5fee5-2529-4ef3-a1e5-c466e58d1e9f,0,2015
29,0,8507,0,male,2,607080475,7c6c4303-90c9-47e3-ba64-2fb812b51f79,0,2008
11,0,8507,0,male,11,952770762,379b3a8b-28d9-444d-8f22-4b646cf9dbfc,0,2018
9,0,8532,0,female,12,763913143,e0f4e759-3e56-4ded-a5e9-24c6e468f346,0,2013
2,0,8532,0,female,6,462955147,7fbfac4a-cdbe-41f7-b671-681e49626928,0,2017
26,0,8532,0,female,7,21915309,ac7adffd-297f-482c-a745-abf3b8bfb1ae,0,2012
4,0,8532,0,female,4,1964756501,3fc0ff56-a00b-4e90-aa8d-e21fe053677d,0,2016
19,0,8507,0,male,11,100131515,ee1f4c28-d344-4b85-891c-2b4941a7d7e8,0,2016
11,0,8532,0,female,12,931556011,76fe2405-9b32-4893-be88-8188c393a232,0,2019
6,0,8532,0,female,7,1234572911,f39647c7-1644-468e-b836-efee2b05fdcd,0,2004
4,0,8507,0,male,8,246816673,434242c5-f849-480c-9d40-a2357b273b0f,0,2023
18,0,8507,0,male,9,1150448795,599c1dd9-344f-4519-be5e-7f045ae0be6c,0,2020
17,0,8507,0,male,2,988378395,cfdd72c3-7eab-43c0-9029-05995e603562,0,2016
11,0,8507,0,male,5,789891842,1890d1b8-3f85-4858-9ebc-d833264f23ce,0,2010
30,0,8532,0,female,4,1298698129,a3ca2546-c0cb-425c-a0f7-f4dbf46af888,0,2013
13,0,8507,0,male,4,600150013,9f8dc2d5-03ef-4e1e-9fe7-b75fe495eaed,0,2007
18,0,8532,0,female,5,1228399908,416880b8-85f6-4c1f-9f0d-eae027cc2ce8,0,2022
6,0,8507,0,male,5,962289160,7e6372f4-5146-4d0b-8d33-f7cfba4b06a7,0,2013
27,0,8507,0,male,7,1896998383,f21d5001-703d-42ef-9917-debaa62ca4b2,0,2014
3,0,8507,0,male,2,486583113,d63acc08-3713-4ab5-8bdf-ce83171d1222,0,2001
7,0,8532,0,female,4,668925767,10e306bb-3f1f-4549-87a2-ce3c48596373,0,2013
3,0,8507,0,male,11,306771093,8df5e7a3-162f-4bb2-957b-37f15fd40a02,0,2018
6,0,8532,0,female,1,1638278074,f43c2736-9325-4b27-949d-a445ef42c038,0,2011
21,0,8507,0,male,8,802480263,37b63778-08b1-47e9-8a2a-29e3bf3e0859,0,2002
28,0,8507,0,male,12,1218834,bde18028-89ac-4566-96cf-74aa5fa13aab,0,2019
26,0,8532,0,female,8,2143733702,c82104e3-b333-4c5c-afd8-1e9ecc70c1a5,0,2021
19,0,8532,0,female,1,1436372827,3049ac0a-c8d0-474d-b845-0bb9f60106e6,0,2022
25,0,8532,0,female,5,1365945110,726ccf92-050d-47da-ae31-37b338901e7e,0,2015
6,0,8507,0,male,3,1954743776,de6b2b8d-3688-4306-b850-136a5b53b247,0,2022
3,0,8532,0,female,10,2140448022,67e533e8-787c-4754-8393-9a8edb1b2070,0,2012
3,0,8532,0,female,10,552024456,2384f19f-ebbe-49de-9c54-b473f94193a1,0,2015
18,0,8532,0,female,3,244162758,093520f2-e9a2-4f58-bae3-efec26f3bdaa,0,2010
26,0,8532,0,female,6,806804658,aff7a0e8-54a5-46f6-a065-7d6319be937c,0,2015
5,0,8532,0,female,10,176312919,2df6353f-fc2d-498e-a8a1-d463b2123303,0,2005
21,0,8507,0,male,9,1495457700,12d50228-b2f4-4ffd-bb00-e32f8d6722b4,0,2016
11,0,8507,0,male,10,1128919053,bdaaec0a-9d38-4124-ac60-4ced35c64376,0,2013
25,0,8532,0,female,8,1124607701,74540e21-aefb-4ba6-be7c-1f053930718a,0,2012
17,0,8507,0,male,9,996019849,a3d981c9-cef2-4ad7-b4d0-2a6f0a40c8b8,0,2017
25,0,8532,0,female,12,1148755713,562c70f9-4c6d-46b0-b9c2-9f593ae60cef,0,2010
10,0,8507,0,male,5,374024067,45378917-d906-4ec6-b095-5a85be4cab5a,0,2024
12,0,8532,0,female,9,412556826,8d9a16aa-01cc-466b-85b7-88fc1389b43a,0,2018
30,0,8532,0,female,3,691054689,67c2c078-5244-446e-b5f1-a0b41fc2c3e8,0,2018
4,0,8507,0,male,12,15023537,27b5eee4-828d-4d69-97fe-3f25c9661cb8,0,2016
19,0,8507,0,male,8,1079446213,cc7c5d88-e82b-443e-9224-d2ca0add6245,0,2005
28,0,8507,0,male,5,1867693713,febb1835-8855-4952-9381-e9d3713d553e,0,2010
5,0,8532,0,female,5,669195068,5775e96b-12c3-4462-a198-ff14944a9432,0,2003
15,0,8532,0,female,7,790341684,5f239a12-69fc-4d08-8cfd-33a05ea856a9,0,2016
10,0,8532,0,female,8,1614298526,fc2ec563-401c-4250-859a-e2b88d2d676e,0,2017
1,0,8507,0,male,11,1553999641,86e1721f-88da-4705-8562-f3325c0eb4ca,0,2010
18,0,8507,0,male,1,1893757176,66eb1d0b-9497-4d1c-90f3-dc5a2c829252,0,2012
3,0,8532,0,female,1,101742445,5e99ef02-c6f4-4afe-8c34-a9765138a144,0,2021
3,0,8532,0,female,12,682868696,5b52dadc-7e75-4d1d-b49c-53d88fe3e823,0,2009
21,0,8507,0,male,12,1725368547,19b4261b-802a-48bb-9bfa-740c9f2b58d9,0,2005
11,0,8507,0,male,5,889363862,04282ec1-f37b-460b-8ecb-e08204f6dcd5,0,2009
19,0,8532,0,female,6,502597060,040fad6c-1687-4103-a923-5fbb541383b3,0,2005
14,0,8532,0,female,1,356171159,7d6c41bb-bfa2-4455-ab8a-49bf34cd2367,0,2007
29,0,8507,0,male,12,1129481807,367ac2ce-2e5e-4488-ad14-48629d700d16,0,2015
20,0,8507,0,male,8,908402787,20bf98eb-84af-4865-b23e-a7db5f105096,0,2003
29,0,8532,0,female,8,1353067041,89c6cdfd-504c-44dc-b5a3-0ca25c7015bc,0,2004
27,0,8532,0,female,4,1086296856,67d826fe-957f-4f70-8e4c-400ef1c5e71d,0,2001
5,0,8507,0,male,7,1969103713,37f88ae7-b2c7-439b-bbeb-dd68f0f17828,0,2012
3,0,8532,0,female,5,1179795246,55d31b9b-ab04-4080-bd6a-f065f536a942,0,2019
8,0,8532,0,female,9,1390521976,24c23455-069f-46a3-8b56-807637849dfe,0,2008
30,0,8507,0,male,4,955031464,210e7f50-31d3-4c60-afe9-be6cae0475de,0,2007
26,0,8507,0,male,9,1879799999,275e6718-5326-4de9-81e0-3241cf903488,0,2019
20,0,8532,0,female,8,666359622,6396373d-97b2-4e1c-9f9c-8144a892b799,0,2007
6,0,8507,0,male,4,1976883141,080c5386-6424-488a-80d6-95eee7e295c7,0,2006
14,0,8507,0,male,8,2045130740,905a6e1d-ea35-4837-9a37-fc3fa879ad90,0,2012
30,0,8507,0,male,3,1540259790,0381f59a-752d-4c1b-b634-e7b2b6f1b3c1,0,2016
31,0,8507,0,male,8,1178543925,b5542e0b-2f99-446b-9b1f-88c68d697d44,0,2018
22,0,8507,0,male,5,345413698,a02a2555-aea3-4f0a-b100-2b6670a4be6b,0,2002
29,0,8507,0,male,12,562093616,8c9bb4fd-9a46-4955-8bf3-79807c3e8d02,0,2004
30,0,8532,0,female,7,1444375354,29bbb756-b208-4468-931a-b1da42c16863,0,2021
2,0,8507,0,male,4,642804423,16c19820-ce41-4898-8c67-c8ea99f82269,0,2012
23,0,8532,0,female,9,1526100630,f3917347-9771-4983-b75e-19737cfd9257,0,2007
28,0,8532,0,female,2,85619905,002dfdc5-1536-48d0-b4d5-5e8c9b08e288,0,2016
11,0,8532,0,female,6,841104830,33e27ace-4f93-4b3b-9988-046ca2d7c6ae,0,2004
25,0,8507,0,male,9,1186134141,5dece4f8-9eab-4522-8fef-18ce25c3e510,0,2018
5,0,8532,0,female,1,1668868949,a1d39e0e-892e-44b1-ae35-9b79d5179f63,0,2023
28,0,8532,0,female,9,1416288231,c746e752-d941-4b68-92d1-2d002a126f4f,0,2014
18,0,8532,0,female,10,1710631677,80078b3c-9b14-4684-ad59-9ef4ecbe9b0f,0,2004
7,0,8532,0,female,3,754265505,96cc35ce-c0fe-409e-8c3b-c2316119a9fd,0,2015
10,0,8532,0,female,1,1375340918,aeb1fac0-9ad5-42b4-b0dd-446586079ff3,0,2012
15,0,8532,0,female,6,2000600084,78ec2659-de94-4f67-a9a2-3516b45ebc27,0,2006
12,0,8532,0,female,8,1834525358,ae71b23f-69f6-4b6b-83da-5673177304d7,0,2003
13,0,8532,0,female,4,1166708278,e3a12b74-abb4-4a82-9327-3538573149fa,0,2006
4,0,8532,0,female,3,1435593839,c924f3f6-0191-4e6d-9090-5e27499399fe,0,2008
27,0,8507,0,male,3,1482257111,db57e1d0-bcf2-4653-9bc3-472460f0efee,0,2006
2,0,8532,0,female,2,299336076,c622a2c3-5092-4f40-93f6-93d77d6175c6,0,2012
27,0,8532,0,female,2,1754524232,7ae51e9a-e844-4a97-b826-d3233cd8c401,0,2012
16,0,8532,0,female,11,2073884074,8339c8e1-33ee-4390-b1c7-b6174b931e2c,0,2021
29,0,8532,0,female,12,2119875668,e46da699-0f6b-4460-a561-f9593ec20c46,0,2015
17,0,8532,0,female,1,253088668,b9897171-31da-472e-af33-a11447eb6a10,0,2006
8,0,8532,0,female,9,1538278025,fdf00296-7543-4e2d-aa35-0d31031f96c7,0,2022
29,0,8507,0,male,3,224142300,0957e8ab-17db-4b71-8f86-b5444f783158,0,2018
29,0,8532,0,female,12,386655412,42f916c8-a5b3-4b1c-a5b4-fe0369e5b69a,0,2014
25,0,8507,0,male,3,1051853690,9060634a-c8d1-4ac5-8ed3-4dcfe06a29ec,0,2015
27,0,8507,0,male,8,517219113,dcbff0da-aa29-4352-acc9-1fde959da419,0,2018
20,0,8507,0,male,4,535202860,522268dc-f9c9-407a-8ade-b33c986a107d,0,2016
2,0,8507,0,male,6,1861956075,b3daa57c-f127-44f0-b8e1-51b0c8d35381,0,2021
22,0,8507,0,male,11,2028543305,d5493044-e232-44ee-89f4-5e3b444cb381,0,2018
17,0,8507,0,male,1,2102194635,46b5ff3c-c50c-429c-b741-7652568d499c,0,2010
21,0,8507,0,male,8,1586257532,5c50acf4-a965-40e8-9efc-8eb63346e63b,0,2020
10,0,8507,0,male,9,380603349,9c37ac24-f145-4217-983f-77e74820ca33,0,2021
15,0,8532,0,female,4,1005823655,9265ad4f-7860-42d1-86d8-0da16166fd9a,0,2013
26,0,8532,0,female,1,1566949286,fd740c73-722b-4961-b38c-706ded1234c0,0,2005
25,0,8532,0,female,11,1813844794,1c5b63f6-ec14-44f6-9f73-2442f996b6d3,0,2021
1,0,8507,0,male,3,1703022616,681579d8-d8df-496b-b44c-3e9b088e6049,0,2022
11,0,8532,0,female,2,148577197,662de07b-3282-4ab2-b7ea-099bd05b7005,0,2007
11,0,8532,0,female,1,1849645057,a3442439-72b7-49e3-8b21-daf7e12c4484,0,2008
17,0,8507,0,male,9,1759759441,0d3b67f9-cc9c-4a83-bf9b-61531a8c2eba,0,2019
4,0,8507,0,male,6,37187543,6eda6255-29a6-42b4-b223-02f8ac772456,0,2015
9,0,8532,0,female,11,777515817,d467e182-c730-4459-8afe-0809ffd1a6c8,0,2014
11,0,8507,0,male,4,521282050,0c7ab5af-cfc6-4ce5-a0cd-5a95ade94dd5,0,2008
29,0,8507,0,male,1,1844634183,68b16185-83b6-444c-aba6-b71177133f46,0,2008
22,0,8532,0,female,4,269893471,7e12458c-67b0-4a1e-92a2-6ba6abac686c,0,2006
10,0,8532,0,female,1,174730923,89eec9c3-639b-407b-b34c-6a085e7e6a38,0,2019
1,0,8532,0,female,6,367973315,8868b132-ea22-4721-b72e-682516c7038a,0,2008
2,0,8532,0,female,5,1062859274,06d580a9-5a8e-4d01-ab9d-be1cb15828de,0,2017
2,0,8532,0,female,6,1834857935,5ba97150-0075-4022-87ac-6bc41a55fee3,0,2010
30,0,8507,0,male,9,220457728,8cedb3f3-0425-4e60-b2b3-ee09b1415ea6,0,2011
18,0,8507,0,male,2,218619359,13ee1524-d3b5-4236-a6d3-9fff424f8ba1,0,2018
20,0,8532,0,female,5,723144631,4d61f734-7eea-4873-9942-af3918ab1d9d,0,2005
27,0,8507,0,male,10,1794235900,223eb5c0-f893-4752-980d-7eb95c54a6e4,0,2014
8,0,8507,0,male,2,2008788045,58005f39-51c2-4107-94a1-1084a7ae19ff,0,2002
12,0,8507,0,male,3,933701108,2e68a607-54c6-4236-9585-8c504783efe2,0,2017
3,0,8507,0,male,7,595174886,aa159542-64a7-4908-901c-d256d532941a,0,2016
12,0,8532,0,female,10,1341466243,18530d66-263e-4e76-a7b4-761593345bbe,0,2017
9,0,8507,0,male,11,898245448,3d5c5076-54b1-4730-88f5-0ee0c582e0c2,0,2005
30,0,8507,0,male,12,1928454867,c37503a5-65fa-473e-aa39-b1b87bea2ae8,0,2013
5,0,8507,0,male,8,1509880334,265c239b-b73f-4242-a764-671f7ba4f8f7,0,2013
13,0,8532,0,female,3,2024340732,8d356128-a3c3-4d22-8fa2-9599dae40043,0,2014
3,0,8532,0,female,4,2039125219,62ec74ab-49f1-4112-9581-85f849eade9e,0,2017
15,0,8507,0,male,10,1940883397,8abd5e21-628b-4778-9bc4-474b08773d35,0,2004
29,0,8532,0,female,10,146655235,03269bae-78b4-4da8-ab0e-2f661e6a0933,0,2014
5,0,8532,0,female,8,628052687,927539d3-84ce-4275-9893-f13f4619702e,0,2010
28,0,8532,0,female,4,1633588990,8619b77d-1a80-40e9-9f10-f538eae5acb5,0,2010
7,0,8532,0,female,5,1930101892,2a022f73-b2c4-498f-b066-e235c15611cc,0,2018
10,0,8532,0,female,4,1558220816,3d06610d-d4c9-41e9-9a34-ff9ce9452add,0,2008
22,0,8532,0,female,5,1431702299,e8e6f9b0-6005-49bd-b884-956829546d65,0,2022
13,0,8507,0,male,5,1954755312,21f3e96e-c2d4-4f92-876d-248be42709ea,0,2007
13,0,8532,0,female,12,316288776,b95f9af1-5b77-4297-9e09-3e53c241ffe3,0,2002
8,0,8507,0,male,2,772532910,63017f27-da52-451e-91f6-ac7b16654286,0,2010
13,0,8532,0,female,8,1092053511,3333e387-9e94-49f8-884e-e6cb84790ae3,0,2019
16,0,8532,0,female,3,1164664628,c37e9fd4-25b2-43d0-9e33-f265cc048191,0,2018
28,0,8507,0,male,1,466936577,ed6bf3fd-b358-4e9a-91c4-fc154ca0df08,0,2012
9,0,8532,0,female,11,366956549,b3070d81-414f-4727-ad07-fe2c2f9c8926,0,2008
14,0,8532,0,female,2,1574230069,acfcdaec-bbaf-4b46-82a4-69c18e33d993,0,2022
26,0,8507,0,male,7,1614532831,1c388924-c3c6-4332-83b0-b04d21649e12,0,2018
24,0,8507,0,male,11,1042034157,cdfd069a-edc0-4c5c-bd52-cb59bd3d83b2,0,2007
25,0,8507,0,male,4,826397805,48581d87-6f2d-40c2-8280-5f85eaf1f2e7,0,2017
10,0,8532,0,female,6,432517865,becdcd5d-cfa2-4096-bb17-ddde9bbc1c81,0,2016
13,0,8532,0,female,7,28093639,0457cbf9-775d-4414-863f-4a19e6adf700,0,2008
11,0,8507,0,male,9,1560592943,c683ed56-7b73-4756-9f8e-38adc3ef4e65,0,2019
1,0,8532,0,female,12,665644254,65eaea9f-3a82-4b51-b2a5-061ca6eebf4d,0,2007
23,0,8532,0,female,10,591282793,482fa229-6751-43cd-8144-54622b5870f0,0,2023
16,0,8507,0,male,5,757098056,56887831-8117-4830-aca3-9dd5e28fbedc,0,2002
14,0,8532,0,female,9,181101691,319751d6-1fc9-40d5-bc4a-bde6c7b39781,0,2016
5,0,8532,0,female,5,143024738,65844490-f4c6-4bbb-8741-6faa10ffc1a1,0,2014
26,0,8532,0,female,12,1530530605,c9141888-1eab-4ebc-925f-2f51f6bb6348,0,2013
8,0,8507,0,male,8,1018303486,9f195606-f77b-421e-8051-911820aa6d3f,0,2011
16,0,8507,0,male,11,1504931069,f4b380fb-1737-4d61-b01e-49af37ce9c51,0,2020
27,0,8532,0,female,8,363795422,d8c9f135-4dbd-4292-98bf-124927f4c6b5,0,2021
16,0,8507,0,male,6,672509940,1680aad2-6659-4291-8315-edaaa0ab0f86,0,2014
22,0,8507,0,male,7,1601646165,00544a16-e2d0-4be2-92e3-0a5e8ab2aa79,0,2016
12,0,8507,0,male,11,522388547,9d413ec4-cdea-4903-a385-5373ef9c65d4,0,2005
7,0,8532,0,female,5,1758246055,a3e31dec-2143-4b58-89a6-0821eae7a7f3,0,2013
20,0,8532,0,female,6,1872964066,77dd96be-4723-4c65-9120-a396ad777578,0,2018
22,0,8532,0,female,12,745026514,2add1b0a-86bb-45a4-9fa2-9321a1d41838,0,2010
19,0,8507,0,male,3,1197476756,86215c3c-f13a-40ee-b4e0-9a2502528d7e,0,2005
15,0,8507,0,male,7,1505665667,e9753fbc-97aa-4725-bdfd-14b119af51fb,0,2015
13,0,8507,0,male,5,1193522958,a224daab-21b8-4757-a85f-12bec59942e3,0,2012
23,0,8507,0,male,3,283891778,6abd7218-025d-47cc-b8ca-57194871974f,0,2017
5,0,8532,0,female,3,822051158,23623012-cfe4-445f-a412-811e05017c4d,0,2015
16,0,8507,0,male,7,456769899,5d1c28f5-acfe-4981-8d5f-cb723f0aaab7,0,2021
5,0,8507,0,male,11,952506227,2c5f94a2-0131-46db-beca-d2e5d228245a,0,2014
7,0,8532,0,female,1,283982151,c9621f22-5096-4a91-85c8-8c91553f1f7a,0,2010
20,0,8532,0,female,8,332821142,66a31c2f-3a4e-4888-b422-da3755f1f9c7,0,2014
1,0,8507,0,male,1,395415169,613344e5-f706-4cd2-8154-55e5d709f4be,0,2017
28,0,8532,0,female,9,1458155737,9884ad43-8116-4b51-8f61-78960ef6c655,0,2009
9,0,8507,0,male,3,1343469343,1347f124-4019-4597-961e-cb11ebccd419,0,2008
14,0,8507,0,male,6,489721667,b61e345f-d3e0-4ce9-9af5-b3411c451ee8,0,2006
29,0,8507,0,male,4,372979802,9e73b934-db4b-43eb-a1f9-765dc4090f95,0,2022
10,0,8532,0,female,4,404952964,62bbb2b3-d626-4d64-9fdd-1bcae8bcf951,0,2018
19,0,8532,0,female,1,1767005590,9eebe849-9ece-4d83-ba39-1c0bf09ea9b8,0,2023
21,0,8507,0,male,3,1027155417,7af5912a-1029-4c62-8428-9e1316c51033,0,2005
9,0,8532,0,female,5,96694720,99f721f0-5a7e-4536-92f4-2b638a4cc593,0,2023
20,0,8507,0,male,11,1416536879,d8d407fa-8420-4f40-971d-89f14b3f8e1c,0,2017
25,0,8532,0,female,3,738893276,e82bb682-e11d-4217-ab59-cb166ef0648d,0,2004
16,0,8507,0,male,9,926526425,0f7b1560-756a-4bb2-bc63-adb075c21264,0,2001
12,0,8532,0,female,1,711230302,877a2492-2309-4f53-b7f0-84890ab3c332,0,2012
14,0,8532,0,female,5,214390543,45ec0122-bca3-4bed-9e97-dcc247d6fbe1,0,2020
9,0,8507,0,male,4,87496152,5b0d47b3-9cfa-4e76-b70b-06b43c81b6a2,0,2022
28,0,8507,0,male,6,74882784,f5de6c9a-fd09-4d7d-9a53-a8f1df3da1d7,0,2013
16,0,8532,0,female,1,626366563,8c1ecef1-9e01-4fa9-b8de-273e604b40c3,0,2010
11,0,8507,0,male,12,1958401032,e1372cb4-28e0-4106-943f-fb29967f01a2,0,2006
8,0,8507,0,male,12,841986136,122acc7a-04b1-496b-b69c-63a80d38cd1b,0,2011
15,0,8532,0,female,2,761384442,73d40f2f-db61-441c-adbb-9df96c92b29f,0,2020
26,0,8507,0,male,1,917860814,510ba4e9-44b9-480f-b95d-cc8d92c75eaa,0,2017
16,0,8532,0,female,11,1103926943,73189db7-3341-458a-8c9a-32815f7cabc5,0,2022
10,0,8507,0,male,6,1123359446,f003e3db-ecf8-4a23-8f02-a14efb9ecbbb,0,2020
3,0,8532,0,female,9,533205729,18962270-047c-4be6-b84f-1655ae1d10a4,0,2007
8,0,8532,0,female,12,472304798,50f3bc3b-eb6a-4777-bfcc-ebd94af06c64,0,2004
26,0,8532,0,female,5,1709656943,5367e198-5018-4f9b-92f4-6285d40f5a16,0,2012
12,0,8507,0,male,12,259282615,10f86264-afd2-46c5-a755-e4ddcee6c4b0,0,2015
16,0,8507,0,male,3,1751135182,591e7fdc-7995-44d1-abed-e25e4fe01426,0,2004
26,0,8507,0,male,11,1997896850,b0e87020-f1b0-45c0-b4ad-5eaffd095d05,0,2020
5,0,8532,0,female,12,1938804245,aab5252e-f318-4875-83cc-f080efbb87c4,0,2012
